participant_id,participant_id_dataset,date,dataset_of_origin,Version,SC0,Study,Q_TotalDuration
SEP_09_0001,1003,2020-05-12T12:22:48Z,2021_JP_R56,B,12,NA,637
SEP_09_0002,1002,2020-05-12T14:12:40Z,2021_JP_R56,A,11,NA,410
SEP_09_0003,1005,2020-05-12T16:18:23Z,2021_JP_R56,A,9,NA,529
SEP_09_0004,1006,2020-05-12T17:47:41Z,2021_JP_R56,A,5,NA,391
SEP_09_0005,1004,2020-05-13T18:13:19Z,2021_JP_R56,B,4,NA,532
SEP_09_0006,1007,2020-05-13T20:07:09Z,2021_JP_R56,B,4,NA,326
SEP_09_0007,1008,2020-05-13T21:13:06Z,2021_JP_R56,B,3,NA,348
SEP_09_0008,1011,2020-05-14T16:10:53Z,2021_JP_R56,B,10,NA,534
SEP_09_0009,1012,2020-05-14T17:02:19Z,2021_JP_R56,B,6,NA,400
SEP_09_0010,1013,2020-05-15T14:11:03Z,2021_JP_R56,A,9,NA,481
SEP_09_0011,1010,2020-05-15T14:13:31Z,2021_JP_R56,A,6,NA,498
SEP_09_0012,1014,2020-05-15T19:19:49Z,2021_JP_R56,A,8,NA,435
SEP_09_0013,1015,2020-05-15T21:19:10Z,2021_JP_R56,B,6,NA,603
SEP_09_0014,1016,2020-05-19T20:16:00Z,2021_JP_R56,B,11,NA,734
SEP_09_0015,1017,2020-05-20T14:16:40Z,2021_JP_R56,A,11,NA,433
SEP_09_0016,1019,2020-05-21T12:14:25Z,2021_JP_R56,B,8,NA,576
SEP_09_0017,1018,2020-05-22T14:16:29Z,2021_JP_R56,A,7,NA,408
SEP_09_0018,1003,2020-05-26T16:32:36Z,2021_JP_R56,C,7,NA,319
SEP_09_0019,1002,2020-05-26T17:31:05Z,2021_JP_R56,D,4,NA,224
SEP_09_0020,1021,2020-05-27T15:17:17Z,2021_JP_R56,A,14,NA,504
SEP_09_0021,1004,2020-05-27T19:51:41Z,2021_JP_R56,D,7,NA,331
SEP_09_0022,1007,2020-05-27T21:37:58Z,2021_JP_R56,C,3,NA,155
SEP_09_0023,1008,2020-05-28T14:41:55Z,2021_JP_R56,D,4,NA,174
SEP_09_0024,1020,2020-05-28T15:32:41Z,2021_JP_R56,B,10,NA,550
SEP_09_0025,1011,2020-05-28T18:12:47Z,2021_JP_R56,C,7,NA,322
SEP_09_0026,1013,2020-05-29T15:43:37Z,2021_JP_R56,C,5,NA,297
SEP_09_0027,1005,2020-05-29T17:29:53Z,2021_JP_R56,C,4,NA,318
SEP_09_0028,1014,2020-05-29T20:54:06Z,2021_JP_R56,D,6,NA,322
SEP_09_0029,1012,2020-06-01T11:45:24Z,2021_JP_R56,D,3,NA,216
SEP_09_0030,1015,2020-06-01T12:59:26Z,2021_JP_R56,C,4,NA,323
SEP_09_0031,1010,2020-06-01T16:45:29Z,2021_JP_R56,D,3,NA,290
SEP_09_0032,1022,2020-06-03T09:07:52Z,2021_JP_R56,A,7,NA,343
SEP_09_0033,1016,2020-06-03T14:37:57Z,2021_JP_R56,D,6,NA,367
SEP_09_0034,1017,2020-06-03T15:52:28Z,2021_JP_R56,C,8,NA,170
SEP_09_0035,1024,2020-06-04T14:12:08Z,2021_JP_R56,B,11,NA,558
SEP_09_0036,1023,2020-06-04T16:05:54Z,2021_JP_R56,B,11,NA,363
SEP_09_0037,1018,2020-06-05T16:37:06Z,2021_JP_R56,D,1,NA,150
SEP_09_0038,1019,2020-06-08T14:38:45Z,2021_JP_R56,C,6,NA,268
SEP_09_0039,1026,2020-06-09T12:04:21Z,2021_JP_R56,A,3,NA,195
SEP_09_0040,1006,2020-06-09T13:53:32Z,2021_JP_R56,D,5,NA,212
SEP_09_0041,1025,2020-06-10T09:37:08Z,2021_JP_R56,A,9,NA,405
SEP_09_0042,1020,2020-06-10T10:08:10Z,2021_JP_R56,D,6,NA,208
SEP_09_0043,1007,2020-06-15T15:06:19Z,2021_JP_R56,A,4,NA,258
SEP_09_0044,1027,2020-06-16T09:38:34Z,2021_JP_R56,B,6,NA,467
SEP_09_0045,1004,2020-06-16T11:17:27Z,2021_JP_R56,A,5,NA,593
SEP_09_0046,1028,2020-06-16T13:08:18Z,2021_JP_R56,B,3,NA,329
SEP_09_0047,1002,2020-06-16T14:06:46Z,2021_JP_R56,B,9,NA,238
SEP_09_0048,1022,2020-06-17T09:09:12Z,2021_JP_R56,D,4,NA,150
SEP_09_0049,1030,2020-06-17T18:13:53Z,2021_JP_R56,A,9,NA,665
SEP_09_0050,1029,2020-06-18T11:12:15Z,2021_JP_R56,A,12,NA,513
SEP_09_0051,1024,2020-06-18T12:42:09Z,2021_JP_R56,D,6,NA,289
SEP_09_0052,1012,2020-06-18T14:12:13Z,2021_JP_R56,A,7,NA,354
SEP_09_0053,1016,2020-06-18T16:14:02Z,2021_JP_R56,A,13,NA,565
SEP_09_0054,1010,2020-06-22T12:11:42Z,2021_JP_R56,B,4,NA,315
SEP_09_0055,1026,2020-06-23T12:36:10Z,2021_JP_R56,D,0,NA,133
SEP_09_0056,1003,2020-06-23T13:13:31Z,2021_JP_R56,A,12,NA,568
SEP_09_0057,1033,2020-06-23T13:17:51Z,2021_JP_R56,A,12,NA,580
SEP_09_0058,1034,2020-06-23T16:09:56Z,2021_JP_R56,A,10,NA,406
SEP_09_0059,1014,2020-06-23T18:14:06Z,2021_JP_R56,B,10,NA,592
SEP_09_0060,1025,2020-06-24T09:43:03Z,2021_JP_R56,C,6,NA,231
SEP_09_0061,1015,2020-06-24T13:24:30Z,2021_JP_R56,A,10,NA,550
SEP_09_0062,1013,2020-06-24T15:13:10Z,2021_JP_R56,B,5,NA,491
SEP_09_0063,1007,2020-06-24T18:05:27Z,2021_JP_R56,B,6,NA,278
SEP_09_0064,1031,2020-06-24T18:46:21Z,2021_JP_R56,B,10,NA,415
SEP_09_0065,1016,2020-06-24T19:14:57Z,2021_JP_R56,B,12,NA,575
SEP_09_0066,1004,2020-06-25T11:18:10Z,2021_JP_R56,B,8,NA,543
SEP_09_0067,1002,2020-06-25T12:07:46Z,2021_JP_R56,A,11,NA,424
SEP_09_0068,1017,2020-06-25T12:15:07Z,2021_JP_R56,B,11,NA,544
SEP_09_0069,1012,2020-06-25T13:59:22Z,2021_JP_R56,B,7,NA,257
SEP_09_0070,1032,2020-06-25T17:14:31Z,2021_JP_R56,B,5,NA,485
SEP_09_0071,1036,2020-06-26T08:38:32Z,2021_JP_R56,B,10,NA,452
SEP_09_0072,1020,2020-06-26T09:38:55Z,2021_JP_R56,A,9,NA,395
SEP_09_0073,1018,2020-06-26T15:17:15Z,2021_JP_R56,B,7,NA,559
SEP_09_0074,1023,2020-06-26T16:36:51Z,2021_JP_R56,C,5,NA,159
SEP_09_0075,1028,2020-06-29T14:05:11Z,2021_JP_R56,D,4,NA,85
SEP_09_0076,1037,2020-06-29T17:12:15Z,2021_JP_R56,A,5,NA,442
SEP_09_0077,1010,2020-06-30T14:08:14Z,2021_JP_R56,A,5,NA,286
SEP_09_0078,1038,2020-06-30T15:11:58Z,2021_JP_R56,A,12,NA,535
SEP_09_0079,1022,2020-06-30T16:06:53Z,2021_JP_R56,B,2,NA,234
SEP_09_0080,1003,2020-06-30T16:12:55Z,2021_JP_R56,B,13,NA,573
SEP_09_0081,1039,2020-07-01T10:10:46Z,2021_JP_R56,B,7,NA,391
SEP_09_0082,1027,2020-07-01T13:10:07Z,2021_JP_R56,C,5,NA,299
SEP_09_0083,1013,2020-07-01T14:14:19Z,2021_JP_R56,A,5,NA,285
SEP_09_0084,1043,2020-07-01T18:09:36Z,2021_JP_R56,B,4,NA,378
SEP_09_0085,1014,2020-07-01T18:13:34Z,2021_JP_R56,A,10,NA,624
SEP_09_0086,1030,2020-07-01T18:44:57Z,2021_JP_R56,D,5,NA,343
SEP_09_0087,1035,2020-07-01T20:18:44Z,2021_JP_R56,B,6,NA,554
SEP_09_0088,1040,2020-07-02T10:14:23Z,2021_JP_R56,B,12,NA,582
SEP_09_0089,1017,2020-07-02T12:18:35Z,2021_JP_R56,A,14,NA,329
SEP_09_0090,1042,2020-07-02T15:13:58Z,2021_JP_R56,A,8,NA,602
SEP_09_0091,1020,2020-07-03T11:06:28Z,2021_JP_R56,B,10,NA,313
SEP_09_0092,1044,2020-07-03T12:09:17Z,2021_JP_R56,B,7,NA,382
SEP_09_0093,1024,2020-07-03T16:09:45Z,2021_JP_R56,A,10,NA,358
SEP_09_0094,1015,2020-07-07T16:12:24Z,2021_JP_R56,B,5,NA,357
SEP_09_0095,1034,2020-07-07T17:06:54Z,2021_JP_R56,D,2,NA,139
SEP_09_0096,1022,2020-07-08T08:36:50Z,2021_JP_R56,A,9,NA,277
SEP_09_0097,1055,2020-07-08T11:15:06Z,2021_JP_R56,B,8,NA,420
SEP_09_0098,1054,2020-07-08T12:27:34Z,2021_JP_R56,B,10,NA,504
SEP_09_0099,1051,2020-07-08T13:09:21Z,2021_JP_R56,B,9,NA,326
SEP_09_0100,1052,2020-07-08T13:13:17Z,2021_JP_R56,A,6,NA,439
SEP_09_0101,1041,2020-07-08T14:14:19Z,2021_JP_R56,A,9,NA,428
SEP_09_0102,1057,2020-07-08T14:16:57Z,2021_JP_R56,B,10,NA,475
SEP_09_0103,1053,2020-07-08T15:15:29Z,2021_JP_R56,A,8,NA,603
SEP_09_0104,1050,2020-07-08T17:15:13Z,2021_JP_R56,B,4,NA,410
SEP_09_0105,1056,2020-07-08T17:37:07Z,2021_JP_R56,A,5,NA,150
SEP_09_0106,1036,2020-07-09T09:14:12Z,2021_JP_R56,D,5,NA,379
SEP_09_0107,1045,2020-07-09T09:17:53Z,2021_JP_R56,A,10,NA,642
SEP_09_0108,1032,2020-07-09T18:28:07Z,2021_JP_R56,D,4,NA,341
SEP_09_0109,1025,2020-07-10T09:04:05Z,2021_JP_R56,B,8,NA,353
SEP_09_0110,1046,2020-07-10T10:10:02Z,2021_JP_R56,A,9,NA,446
SEP_09_0111,1024,2020-07-10T12:26:13Z,2021_JP_R56,B,9,NA,495
SEP_09_0112,1018,2020-07-10T19:16:25Z,2021_JP_R56,A,8,NA,424
SEP_09_0113,1049,2020-07-13T09:42:14Z,2021_JP_R56,A,7,NA,510
SEP_09_0114,1023,2020-07-13T15:03:56Z,2021_JP_R56,A,9,NA,268
SEP_09_0115,1058,2020-07-14T10:07:40Z,2021_JP_R56,B,4,NA,332
SEP_09_0116,1047,2020-07-14T11:04:01Z,2021_JP_R56,B,8,NA,224
SEP_09_0117,1028,2020-07-14T12:06:55Z,2021_JP_R56,A,7,NA,152
SEP_09_0118,1037,2020-07-14T13:36:23Z,2021_JP_R56,C,3,NA,149
SEP_09_0119,1064,2020-07-14T17:12:24Z,2021_JP_R56,A,11,NA,621
SEP_09_0120,1031,2020-07-14T17:51:53Z,2021_JP_R56,C,7,NA,228
SEP_09_0121,1063,2020-07-14T19:11:34Z,2021_JP_R56,A,10,NA,539
SEP_09_0122,1069,2020-07-15T14:17:55Z,2021_JP_R56,B,11,NA,559
SEP_09_0123,1040,2020-07-15T14:47:30Z,2021_JP_R56,D,6,NA,244
SEP_09_0124,1066,2020-07-15T17:11:06Z,2021_JP_R56,B,6,NA,439
SEP_09_0125,1068,2020-07-15T18:18:06Z,2021_JP_R56,A,9,NA,581
SEP_09_0126,1067,2020-07-15T19:16:28Z,2021_JP_R56,A,8,NA,521
SEP_09_0127,1025,2020-07-16T09:06:25Z,2021_JP_R56,A,13,NA,324
SEP_09_0128,1060,2020-07-16T10:11:11Z,2021_JP_R56,A,2,NA,370
SEP_09_0129,1026,2020-07-16T12:00:54Z,2021_JP_R56,B,1,NA,142
SEP_09_0130,1061,2020-07-16T15:14:51Z,2021_JP_R56,B,9,NA,505
SEP_09_0131,1070,2020-07-16T17:11:04Z,2021_JP_R56,B,7,NA,340
SEP_09_0132,1059,2020-07-17T08:39:41Z,2021_JP_R56,A,10,NA,396
SEP_09_0133,1044,2020-07-17T13:29:19Z,2021_JP_R56,D,5,NA,151
SEP_09_0134,1072,2020-07-17T14:13:25Z,2021_JP_R56,A,6,NA,501
SEP_09_0135,1019,2020-07-17T18:13:01Z,2021_JP_R56,B,8,NA,451
SEP_09_0136,1030,2020-07-17T19:12:05Z,2021_JP_R56,B,7,NA,598
SEP_09_0137,1042,2020-07-20T14:15:11Z,2021_JP_R56,D,5,NA,197
SEP_09_0138,1005,2020-07-20T14:22:29Z,2021_JP_R56,B,3,NA,310
SEP_09_0139,1035,2020-07-20T15:55:19Z,2021_JP_R56,C,5,NA,310
SEP_09_0140,1078,2020-07-21T12:10:22Z,2021_JP_R56,B,11,NA,419
SEP_09_0141,1028,2020-07-21T13:04:24Z,2021_JP_R56,B,3,NA,88
SEP_09_0142,1074,2020-07-21T13:07:10Z,2021_JP_R56,B,3,NA,265
SEP_09_0143,1062,2020-07-21T13:15:24Z,2021_JP_R56,B,12,NA,502
SEP_09_0144,1038,2020-07-21T14:47:53Z,2021_JP_R56,D,7,NA,309
SEP_09_0145,1079,2020-07-21T15:08:28Z,2021_JP_R56,A,11,NA,608
SEP_09_0146,1023,2020-07-21T15:20:45Z,2021_JP_R56,B,5,NA,154
SEP_09_0147,1034,2020-07-21T17:05:42Z,2021_JP_R56,B,7,NA,297
SEP_09_0148,1081,2020-07-21T20:56:58Z,2021_JP_R56,B,8,NA,629
SEP_09_0149,1073,2020-07-22T09:43:57Z,2021_JP_R56,B,7,NA,579
SEP_09_0150,1045,2020-07-22T09:47:27Z,2021_JP_R56,C,7,NA,207
SEP_09_0151,1046,2020-07-22T10:31:58Z,2021_JP_R56,D,5,NA,197
SEP_09_0152,1041,2020-07-22T10:39:54Z,2021_JP_R56,C,3,NA,208
SEP_09_0153,1082,2020-07-22T13:29:54Z,2021_JP_R56,B,4,NA,327
SEP_09_0154,1050,2020-07-22T13:37:01Z,2021_JP_R56,D,4,NA,257
SEP_09_0155,1075,2020-07-22T15:10:43Z,2021_JP_R56,A,10,NA,481
SEP_09_0156,1039,2020-07-22T15:34:38Z,2021_JP_R56,C,5,NA,178
SEP_09_0157,1053,2020-07-22T15:52:18Z,2021_JP_R56,C,3,NA,307
SEP_09_0158,1080,2020-07-22T16:13:23Z,2021_JP_R56,A,2,NA,318
SEP_09_0159,1030,2020-07-22T18:11:05Z,2021_JP_R56,A,9,NA,584
SEP_09_0160,1086,2020-07-22T19:12:12Z,2021_JP_R56,B,8,NA,460
SEP_09_0161,1032,2020-07-22T19:33:41Z,2021_JP_R56,A,7,NA,384
SEP_09_0162,1077,2020-07-23T09:39:58Z,2021_JP_R56,B,8,NA,590
SEP_09_0163,1049,2020-07-23T10:39:10Z,2021_JP_R56,C,4,NA,160
SEP_09_0164,1090,2020-07-23T12:08:44Z,2021_JP_R56,B,9,NA,556
SEP_09_0165,1051,2020-07-23T13:28:37Z,2021_JP_R56,C,8,NA,167
SEP_09_0166,1088,2020-07-23T15:16:09Z,2021_JP_R56,A,6,NA,566
SEP_09_0167,1055,2020-07-23T15:35:30Z,2021_JP_R56,C,5,NA,197
SEP_09_0168,1089,2020-07-23T16:10:05Z,2021_JP_R56,B,10,NA,401
SEP_09_0169,1091,2020-07-23T16:22:54Z,2021_JP_R56,A,9,NA,570
SEP_09_0170,1087,2020-07-23T18:18:48Z,2021_JP_R56,A,7,NA,566
SEP_09_0171,1036,2020-07-24T10:09:28Z,2021_JP_R56,A,10,NA,454
SEP_09_0172,1056,2020-07-24T11:43:49Z,2021_JP_R56,D,3,NA,198
SEP_09_0173,1026,2020-07-24T12:13:26Z,2021_JP_R56,A,1,NA,203
SEP_09_0174,1027,2020-07-27T09:10:40Z,2021_JP_R56,A,9,NA,426
SEP_09_0175,1076,2020-07-27T10:11:16Z,2021_JP_R56,A,5,NA,484
SEP_09_0176,1093,2020-07-28T09:14:00Z,2021_JP_R56,B,13,NA,698
SEP_09_0177,1058,2020-07-28T10:38:36Z,2021_JP_R56,D,3,NA,149
SEP_09_0178,1098,2020-07-28T14:04:39Z,2021_JP_R56,B,5,NA,270
SEP_09_0179,1099,2020-07-28T15:12:58Z,2021_JP_R56,A,8,NA,585
SEP_09_0180,1100,2020-07-28T19:16:35Z,2021_JP_R56,A,9,NA,535
SEP_09_0181,1059,2020-07-29T10:09:49Z,2021_JP_R56,C,5,NA,227
SEP_09_0182,1097,2020-07-29T11:11:30Z,2021_JP_R56,B,9,NA,455
SEP_09_0183,1104,2020-07-29T12:04:44Z,2021_JP_R56,A,11,NA,374
SEP_09_0184,1067,2020-07-29T13:47:04Z,2021_JP_R56,C,8,NA,392
SEP_09_0185,1103,2020-07-29T14:15:24Z,2021_JP_R56,A,8,NA,535
SEP_09_0186,1094,2020-07-29T16:05:27Z,2021_JP_R56,B,5,NA,271
SEP_09_0187,1034,2020-07-29T17:37:33Z,2021_JP_R56,A,7,NA,250
SEP_09_0188,1066,2020-07-29T17:44:21Z,2021_JP_R56,D,2,NA,319
SEP_09_0189,1105,2020-07-29T19:14:12Z,2021_JP_R56,B,9,NA,469
SEP_09_0190,1063,2020-07-29T19:37:49Z,2021_JP_R56,C,4,NA,324
SEP_09_0191,1031,2020-07-30T12:55:18Z,2021_JP_R56,A,8,NA,396
SEP_09_0192,1096,2020-07-30T13:05:34Z,2021_JP_R56,A,12,NA,457
SEP_09_0193,1040,2020-07-30T14:09:05Z,2021_JP_R56,A,10,NA,303
SEP_09_0194,1095,2020-07-30T15:11:29Z,2021_JP_R56,A,14,NA,461
SEP_09_0195,1047,2020-07-30T15:29:48Z,2021_JP_R56,C,3,NA,93
SEP_09_0196,1061,2020-07-30T15:41:30Z,2021_JP_R56,C,5,NA,229
SEP_09_0197,1064,2020-07-30T16:07:47Z,2021_JP_R56,D,7,NA,340
SEP_09_0198,1037,2020-07-30T16:08:14Z,2021_JP_R56,B,2,NA,315
SEP_09_0199,1085,2020-07-30T16:11:51Z,2021_JP_R56,B,13,NA,448
SEP_09_0200,1102,2020-07-30T16:15:30Z,2021_JP_R56,B,9,NA,365
SEP_09_0201,1106,2020-07-30T17:16:35Z,2021_JP_R56,B,7,NA,594
SEP_09_0202,1032,2020-07-30T17:39:19Z,2021_JP_R56,A,7,NA,261
SEP_09_0203,1032,2020-07-30T18:18:35Z,2021_JP_R56,B,7,NA,230
SEP_09_0204,1036,2020-07-31T08:38:16Z,2021_JP_R56,B,12,NA,391
SEP_09_0205,1060,2020-07-31T11:06:23Z,2021_JP_R56,D,1,NA,152
SEP_09_0206,1057,2020-07-31T12:35:18Z,2021_JP_R56,C,8,NA,163
SEP_09_0207,1068,2020-07-31T13:43:29Z,2021_JP_R56,D,6,NA,297
SEP_09_0208,1052,2020-07-31T14:33:48Z,2021_JP_R56,D,1,NA,138
SEP_09_0209,1070,2020-07-31T15:35:41Z,2021_JP_R56,D,4,NA,180
SEP_09_0210,1072,2020-07-31T17:43:36Z,2021_JP_R56,D,5,NA,271
SEP_09_0211,1027,2020-08-03T10:20:03Z,2021_JP_R56,B,9,NA,363
SEP_09_0212,1044,2020-08-03T12:07:40Z,2021_JP_R56,A,8,NA,250
SEP_09_0213,1078,2020-08-04T11:40:35Z,2021_JP_R56,D,7,NA,225
SEP_09_0214,1108,2020-08-04T12:07:34Z,2021_JP_R56,A,0,NA,213
SEP_09_0215,1074,2020-08-04T13:33:10Z,2021_JP_R56,D,4,NA,128
SEP_09_0216,1054,2020-08-04T13:35:51Z,2021_JP_R56,D,4,NA,326
SEP_09_0217,1110,2020-08-04T14:11:14Z,2021_JP_R56,B,9,NA,346
SEP_09_0218,1107,2020-08-04T15:10:09Z,2021_JP_R56,A,12,NA,577
SEP_09_0219,1075,2020-08-04T16:35:20Z,2021_JP_R56,C,8,NA,145
SEP_09_0220,1045,2020-08-05T09:41:38Z,2021_JP_R56,B,10,NA,511
SEP_09_0221,1040,2020-08-05T12:15:03Z,2021_JP_R56,B,9,NA,563
SEP_09_0222,1040,2020-08-05T12:53:24Z,2021_JP_R56,B,11,NA,304
SEP_09_0223,1086,2020-08-05T13:31:18Z,2021_JP_R56,D,4,NA,143
SEP_09_0224,1109,2020-08-05T14:40:51Z,2021_JP_R56,B,6,NA,410
SEP_09_0225,1088,2020-08-05T15:38:13Z,2021_JP_R56,D,3,NA,328
SEP_09_0226,1077,2020-08-06T06:29:35Z,2021_JP_R56,C,6,NA,306
SEP_09_0227,1050,2020-08-06T12:15:05Z,2021_JP_R56,A,7,NA,489
SEP_09_0228,1076,2020-08-06T12:33:47Z,2021_JP_R56,D,5,NA,223
SEP_09_0229,1031,2020-08-06T13:11:49Z,2021_JP_R56,B,9,NA,535
SEP_09_0230,1111,2020-08-06T16:13:35Z,2021_JP_R56,A,4,NA,476
SEP_09_0231,1084,2020-08-06T17:11:08Z,2021_JP_R56,A,8,NA,372
SEP_09_0232,1089,2020-08-06T17:34:29Z,2021_JP_R56,C,3,NA,196
SEP_09_0233,1087,2020-08-06T18:52:35Z,2021_JP_R56,C,5,NA,334
SEP_09_0234,1073,2020-08-07T09:18:12Z,2021_JP_R56,C,4,NA,328
SEP_09_0235,1037,2020-08-07T09:47:02Z,2021_JP_R56,A,5,NA,233
SEP_09_0236,1046,2020-08-07T10:12:00Z,2021_JP_R56,B,9,NA,482
SEP_09_0237,1041,2020-08-07T11:08:06Z,2021_JP_R56,B,9,NA,346
SEP_09_0238,1044,2020-08-10T12:13:15Z,2021_JP_R56,B,4,NA,203
SEP_09_0239,1094,2020-08-10T12:27:35Z,2021_JP_R56,D,4,NA,129
SEP_09_0240,1056,2020-08-10T17:09:46Z,2021_JP_R56,B,4,NA,313
SEP_09_0241,1047,2020-08-11T11:02:41Z,2021_JP_R56,A,9,NA,152
SEP_09_0242,1038,2020-08-11T13:39:08Z,2021_JP_R56,B,10,NA,383
SEP_09_0243,1114,2020-08-11T15:11:07Z,2021_JP_R56,B,8,NA,280
SEP_09_0244,1045,2020-08-12T09:06:42Z,2021_JP_R56,A,10,NA,450
SEP_09_0245,1060,2020-08-12T09:39:50Z,2021_JP_R56,B,2,NA,298
SEP_09_0246,1093,2020-08-12T11:44:58Z,2021_JP_R56,C,7,NA,230
SEP_09_0247,1097,2020-08-12T12:48:15Z,2021_JP_R56,C,7,NA,217
SEP_09_0248,1053,2020-08-12T13:27:48Z,2021_JP_R56,B,2,NA,443
SEP_09_0249,1090,2020-08-12T14:27:36Z,2021_JP_R56,D,5,NA,307
SEP_09_0250,1113,2020-08-12T15:13:38Z,2021_JP_R56,B,10,NA,564
SEP_09_0251,1103,2020-08-12T15:45:26Z,2021_JP_R56,C,2,NA,294
SEP_09_0252,1042,2020-08-12T16:43:09Z,2021_JP_R56,B,11,NA,544
SEP_09_0253,1035,2020-08-12T19:12:26Z,2021_JP_R56,A,4,NA,438
SEP_09_0254,1055,2020-08-12T21:35:46Z,2021_JP_R56,A,12,NA,317
SEP_09_0255,1059,2020-08-13T08:44:31Z,2021_JP_R56,B,8,NA,747
SEP_09_0256,1046,2020-08-13T10:07:59Z,2021_JP_R56,A,8,NA,328
SEP_09_0257,1050,2020-08-13T12:10:34Z,2021_JP_R56,B,9,NA,458
SEP_09_0258,1049,2020-08-13T14:03:16Z,2021_JP_R56,B,8,NA,389
SEP_09_0259,1099,2020-08-13T14:34:21Z,2021_JP_R56,C,3,NA,282
SEP_09_0260,1061,2020-08-13T15:08:58Z,2021_JP_R56,A,11,NA,392
SEP_09_0261,1066,2020-08-13T18:11:21Z,2021_JP_R56,A,8,NA,456
SEP_09_0262,1085,2020-08-13T18:34:37Z,2021_JP_R56,C,7,NA,248
SEP_09_0263,1104,2020-08-14T13:28:48Z,2021_JP_R56,D,3,NA,186
SEP_09_0264,1095,2020-08-14T13:37:24Z,2021_JP_R56,C,8,NA,145
SEP_09_0265,1067,2020-08-14T17:13:19Z,2021_JP_R56,B,9,NA,565
SEP_09_0266,1056,2020-08-17T12:11:13Z,2021_JP_R56,A,8,NA,286
SEP_09_0267,1096,2020-08-17T14:13:49Z,2021_JP_R56,D,5,NA,331
SEP_09_0268,1058,2020-08-18T09:37:47Z,2021_JP_R56,A,6,NA,235
SEP_09_0269,1041,2020-08-18T13:09:54Z,2021_JP_R56,A,8,NA,394
SEP_09_0270,1042,2020-08-18T14:16:23Z,2021_JP_R56,A,11,NA,579
SEP_09_0271,1061,2020-08-18T16:08:39Z,2021_JP_R56,B,10,NA,432
SEP_09_0272,1102,2020-08-18T16:42:57Z,2021_JP_R56,D,4,NA,211
SEP_09_0273,1105,2020-08-18T19:41:54Z,2021_JP_R56,C,5,NA,187
SEP_09_0274,1047,2020-08-19T11:06:06Z,2021_JP_R56,B,7,NA,165
SEP_09_0275,1053,2020-08-19T12:16:25Z,2021_JP_R56,A,6,NA,388
SEP_09_0276,1088,2020-08-19T13:14:36Z,2021_JP_R56,B,7,NA,542
SEP_09_0277,1082,2020-08-19T13:58:31Z,2021_JP_R56,D,2,NA,140
SEP_09_0278,1091,2020-08-19T15:47:28Z,2021_JP_R56,C,6,NA,211
SEP_09_0279,1038,2020-08-19T16:12:47Z,2021_JP_R56,A,8,NA,250
SEP_09_0280,1100,2020-08-19T17:49:19Z,2021_JP_R56,D,4,NA,306
SEP_09_0281,1067,2020-08-19T19:12:28Z,2021_JP_R56,A,12,NA,493
SEP_09_0282,1059,2020-08-20T08:39:16Z,2021_JP_R56,A,11,NA,409
SEP_09_0283,1063,2020-08-20T11:19:45Z,2021_JP_R56,B,8,NA,568
SEP_09_0284,1055,2020-08-20T12:06:29Z,2021_JP_R56,B,4,NA,107
SEP_09_0285,1076,2020-08-20T12:07:05Z,2021_JP_R56,B,5,NA,291
SEP_09_0286,1078,2020-08-20T13:09:21Z,2021_JP_R56,A,11,NA,393
SEP_09_0287,1049,2020-08-20T16:06:42Z,2021_JP_R56,A,6,NA,227
SEP_09_0288,1066,2020-08-20T16:09:49Z,2021_JP_R56,B,6,NA,340
SEP_09_0289,1115,2020-08-20T16:11:39Z,2021_JP_R56,A,9,NA,315
SEP_09_0290,1068,2020-08-20T16:18:45Z,2021_JP_R56,B,10,NA,623
SEP_09_0291,1110,2020-08-20T16:37:40Z,2021_JP_R56,D,3,NA,158
SEP_09_0292,1072,2020-08-20T17:16:58Z,2021_JP_R56,B,9,NA,439
SEP_09_0293,1070,2020-08-20T18:07:41Z,2021_JP_R56,A,8,NA,353
SEP_09_0294,1075,2020-08-21T10:08:34Z,2021_JP_R56,B,9,NA,481
SEP_09_0295,1064,2020-08-21T12:17:54Z,2021_JP_R56,B,10,NA,580
SEP_09_0296,1109,2020-08-21T13:07:07Z,2021_JP_R56,C,5,NA,242
SEP_09_0297,1089,2020-08-21T14:18:30Z,2021_JP_R56,A,9,NA,314
SEP_09_0298,1035,2020-08-21T15:12:47Z,2021_JP_R56,B,5,NA,504
SEP_09_0299,1116,2020-08-24T12:16:40Z,2021_JP_R56,A,7,NA,579
SEP_09_0300,1074,2020-08-24T13:07:50Z,2021_JP_R56,A,6,NA,273
SEP_09_0301,1111,2020-08-24T13:55:21Z,2021_JP_R56,C,4,NA,175
SEP_09_0302,1060,2020-08-25T09:08:01Z,2021_JP_R56,A,4,NA,367
SEP_09_0303,1078,2020-08-25T12:08:51Z,2021_JP_R56,B,13,NA,369
SEP_09_0304,1088,2020-08-25T12:09:54Z,2021_JP_R56,A,6,NA,457
SEP_09_0305,1075,2020-08-25T14:06:20Z,2021_JP_R56,A,12,NA,268
SEP_09_0306,1107,2020-08-25T15:42:33Z,2021_JP_R56,C,7,NA,353
SEP_09_0307,1118,2020-08-25T17:07:16Z,2021_JP_R56,B,6,NA,342
SEP_09_0308,1087,2020-08-25T18:18:07Z,2021_JP_R56,B,9,NA,572
SEP_09_0309,1084,2020-08-25T19:19:01Z,2021_JP_R56,D,2,NA,161
SEP_09_0310,1058,2020-08-26T09:40:09Z,2021_JP_R56,B,5,NA,295
SEP_09_0311,1073,2020-08-26T09:43:29Z,2021_JP_R56,A,8,NA,584
SEP_09_0312,1052,2020-08-26T14:02:04Z,2021_JP_R56,B,4,NA,137
SEP_09_0313,1093,2020-08-26T16:11:17Z,2021_JP_R56,A,14,NA,484
SEP_09_0314,1089,2020-08-26T16:24:58Z,2021_JP_R56,B,8,NA,281
SEP_09_0315,1119,2020-08-26T19:09:42Z,2021_JP_R56,A,7,NA,399
SEP_09_0316,1063,2020-08-27T11:10:47Z,2021_JP_R56,A,10,NA,496
SEP_09_0317,1057,2020-08-27T11:10:48Z,2021_JP_R56,A,13,NA,294
SEP_09_0318,1076,2020-08-27T12:07:57Z,2021_JP_R56,A,5,NA,319
SEP_09_0319,1096,2020-08-27T14:07:22Z,2021_JP_R56,B,10,NA,447
SEP_09_0320,1064,2020-08-27T15:08:24Z,2021_JP_R56,A,13,NA,461
SEP_09_0321,1095,2020-08-27T15:11:52Z,2021_JP_R56,B,14,NA,533
SEP_09_0322,1120,2020-08-27T17:07:29Z,2021_JP_R56,A,6,NA,413
SEP_09_0323,1085,2020-08-27T17:16:45Z,2021_JP_R56,A,11,NA,450
SEP_09_0324,1104,2020-08-27T18:05:53Z,2021_JP_R56,B,7,NA,329
SEP_09_0325,1122,2020-08-27T18:13:36Z,2021_JP_R56,B,1,NA,217
SEP_09_0326,1094,2020-08-28T10:36:58Z,2021_JP_R56,A,4,NA,262
SEP_09_0327,1103,2020-08-28T12:11:11Z,2021_JP_R56,B,6,NA,286
SEP_09_0328,1097,2020-08-28T12:16:45Z,2021_JP_R56,A,9,NA,312
SEP_09_0329,1117,2020-08-28T14:18:23Z,2021_JP_R56,B,7,NA,576
SEP_09_0330,1070,2020-08-28T16:06:26Z,2021_JP_R56,B,8,NA,284
SEP_09_0331,1068,2020-08-28T18:08:47Z,2021_JP_R56,A,11,NA,336
SEP_09_0332,1074,2020-08-31T10:07:39Z,2021_JP_R56,B,6,NA,274
SEP_09_0333,1094,2020-09-01T12:07:09Z,2021_JP_R56,B,6,NA,255
SEP_09_0334,1096,2020-09-01T13:08:46Z,2021_JP_R56,A,10,NA,381
SEP_09_0335,1124,2020-09-01T14:45:14Z,2021_JP_R56,A,9,NA,456
SEP_09_0336,1121,2020-09-01T16:44:08Z,2021_JP_R56,B,10,NA,494
SEP_09_0337,1087,2020-09-01T18:11:30Z,2021_JP_R56,A,8,NA,460
SEP_09_0338,1093,2020-09-02T09:11:33Z,2021_JP_R56,B,13,NA,449
SEP_09_0339,1123,2020-09-02T11:44:47Z,2021_JP_R56,A,8,NA,421
SEP_09_0340,1057,2020-09-02T12:05:07Z,2021_JP_R56,B,10,NA,331
SEP_09_0341,1086,2020-09-02T14:03:39Z,2021_JP_R56,A,5,NA,225
SEP_09_0342,1072,2020-09-02T18:09:07Z,2021_JP_R56,A,11,NA,331
SEP_09_0343,1073,2020-09-03T08:08:46Z,2021_JP_R56,B,7,NA,538
SEP_09_0344,1052,2020-09-03T11:13:32Z,2021_JP_R56,A,5,NA,278
SEP_09_0345,1109,2020-09-03T13:07:47Z,2021_JP_R56,A,5,NA,364
SEP_09_0346,1095,2020-09-03T15:06:59Z,2021_JP_R56,A,14,NA,232
SEP_09_0347,1102,2020-09-03T16:35:04Z,2021_JP_R56,D,4,NA,156
SEP_09_0348,1114,2020-09-03T20:15:13Z,2021_JP_R56,D,4,NA,107
SEP_09_0349,1097,2020-09-04T12:08:40Z,2021_JP_R56,B,10,NA,300
SEP_09_0350,1103,2020-09-04T13:57:17Z,2021_JP_R56,B,4,NA,181
SEP_09_0351,1102,2020-09-04T16:07:09Z,2021_JP_R56,A,10,NA,338
SEP_09_0352,1085,2020-09-04T16:11:32Z,2021_JP_R56,B,11,NA,555
SEP_09_0353,1104,2020-09-08T13:01:45Z,2021_JP_R56,A,7,NA,232
SEP_09_0354,1125,2020-09-08T13:06:34Z,2021_JP_R56,B,3,NA,331
SEP_09_0355,1109,2020-09-09T13:07:19Z,2021_JP_R56,B,7,NA,224
SEP_09_0356,1080,2020-09-09T13:17:01Z,2021_JP_R56,D,0,NA,91
SEP_09_0357,1119,2020-09-09T15:46:38Z,2021_JP_R56,C,4,NA,201
SEP_09_0358,1102,2020-09-09T16:46:36Z,2021_JP_R56,B,8,NA,301
SEP_09_0359,1107,2020-09-10T14:11:01Z,2021_JP_R56,B,10,NA,549
SEP_09_0360,1086,2020-09-10T16:05:11Z,2021_JP_R56,B,6,NA,204
SEP_09_0361,1099,2020-09-10T16:14:07Z,2021_JP_R56,B,5,NA,469
SEP_09_0362,1113,2020-09-10T17:06:09Z,2021_JP_R56,C,4,NA,241
SEP_09_0363,1111,2020-09-10T17:47:35Z,2021_JP_R56,B,8,NA,409
SEP_09_0364,1100,2020-09-10T18:33:13Z,2021_JP_R56,B,7,NA,492
SEP_09_0365,1090,2020-09-11T12:59:49Z,2021_JP_R56,A,10,NA,536
SEP_09_0366,1084,2020-09-11T13:35:54Z,2021_JP_R56,B,3,NA,219
SEP_09_0367,1118,2020-09-11T13:45:04Z,2021_JP_R56,D,6,NA,333
SEP_09_0368,1107,2020-09-15T14:09:36Z,2021_JP_R56,A,11,NA,432
SEP_09_0369,1084,2020-09-16T12:06:50Z,2021_JP_R56,A,6,NA,224
SEP_09_0370,1082,2020-09-17T14:05:32Z,2021_JP_R56,A,8,NA,305
SEP_09_0371,1117,2020-09-17T15:43:43Z,2021_JP_R56,C,8,NA,188
SEP_09_0372,1115,2020-09-17T16:08:55Z,2021_JP_R56,B,10,NA,322
SEP_09_0373,1111,2020-09-17T17:39:24Z,2021_JP_R56,A,9,NA,279
SEP_09_0374,1124,2020-09-17T18:13:51Z,2021_JP_R56,D,6,NA,234
SEP_09_0375,1120,2020-09-17T18:40:13Z,2021_JP_R56,D,4,NA,176
SEP_09_0376,1110,2020-09-18T12:10:05Z,2021_JP_R56,A,7,NA,239
SEP_09_0377,1090,2020-09-18T12:33:13Z,2021_JP_R56,B,8,NA,380
SEP_09_0378,1100,2020-09-18T15:10:58Z,2021_JP_R56,A,10,NA,354
SEP_09_0379,1110,2020-09-22T15:06:46Z,2021_JP_R56,B,9,NA,207
SEP_09_0380,1099,2020-09-23T14:10:31Z,2021_JP_R56,A,11,NA,437
SEP_09_0381,1121,2020-09-24T16:44:11Z,2021_JP_R56,C,7,NA,189
SEP_09_0382,1115,2020-09-24T18:23:48Z,2021_JP_R56,A,9,NA,247
SEP_09_0383,1125,2020-09-24T19:48:00Z,2021_JP_R56,C,4,NA,208
SEP_09_0384,1082,2020-09-25T15:10:25Z,2021_JP_R56,B,5,NA,198
SEP_09_0385,1118,2020-09-30T16:10:07Z,2021_JP_R56,A,10,NA,365
SEP_09_0386,1208,2020-10-01T15:31:52Z,2021_JP_R56,B,3,NA,209
SEP_09_0387,1205,2020-10-02T08:57:23Z,2021_JP_R56,A,11,NA,442
SEP_09_0388,1201,2020-10-02T13:09:41Z,2021_JP_R56,A,6,NA,253
SEP_09_0389,1207,2020-10-05T12:38:53Z,2021_JP_R56,B,8,NA,299
SEP_09_0390,1204,2020-10-06T07:39:11Z,2021_JP_R56,B,4,NA,303
SEP_09_0391,1202,2020-10-06T16:22:33Z,2021_JP_R56,A,6,NA,279
SEP_09_0392,1210,2020-10-07T11:22:19Z,2021_JP_R56,A,3,NA,158
SEP_09_0393,1124,2020-10-07T15:07:03Z,2021_JP_R56,B,7,NA,340
SEP_09_0394,1118,2020-10-07T20:39:34Z,2021_JP_R56,B,8,NA,363
SEP_09_0395,1203,2020-10-08T15:13:20Z,2021_JP_R56,B,10,NA,573
SEP_09_0396,1119,2020-10-09T16:15:56Z,2021_JP_R56,B,8,NA,445
SEP_09_0397,1228,2020-10-13T12:08:21Z,2021_JP_R56,B,9,NA,560
SEP_09_0398,1230,2020-10-13T15:09:53Z,2021_JP_R56,A,6,NA,235
SEP_09_0399,1231,2020-10-13T16:12:35Z,2021_JP_R56,B,11,NA,433
SEP_09_0400,1227,2020-10-13T17:08:30Z,2021_JP_R56,B,6,NA,350
SEP_09_0401,1229,2020-10-13T18:13:16Z,2021_JP_R56,A,11,NA,540
SEP_09_0402,1216,2020-10-14T11:09:59Z,2021_JP_R56,B,5,NA,361
SEP_09_0403,1119,2020-10-14T13:11:16Z,2021_JP_R56,A,6,NA,393
SEP_09_0404,1220,2020-10-14T13:59:00Z,2021_JP_R56,B,11,NA,672
SEP_09_0405,1232,2020-10-14T14:12:33Z,2021_JP_R56,B,7,NA,410
SEP_09_0406,1214,2020-10-14T15:12:01Z,2021_JP_R56,A,13,NA,362
SEP_09_0407,1206,2020-10-15T11:25:44Z,2021_JP_R56,A,8,NA,316
SEP_09_0408,1124,2020-10-15T13:13:44Z,2021_JP_R56,A,8,NA,402
SEP_09_0409,1226,2020-10-15T14:06:55Z,2021_JP_R56,A,10,NA,467
SEP_09_0410,1125,2020-10-15T15:07:14Z,2021_JP_R56,A,10,NA,357
SEP_09_0411,1222,2020-10-15T16:22:11Z,2021_JP_R56,A,12,NA,302
SEP_09_0412,1238,2020-10-15T17:05:31Z,2021_JP_R56,A,3,NA,88
SEP_09_0413,1209,2020-10-15T19:07:57Z,2021_JP_R56,A,6,NA,309
SEP_09_0414,1224,2020-10-16T07:41:16Z,2021_JP_R56,B,4,NA,361
SEP_09_0415,1223,2020-10-16T11:08:45Z,2021_JP_R56,B,2,NA,240
SEP_09_0416,1225,2020-10-16T12:44:44Z,2021_JP_R56,A,6,NA,290
SEP_09_0417,1239,2020-10-16T14:11:57Z,2021_JP_R56,B,6,NA,463
SEP_09_0418,1212,2020-10-16T15:15:24Z,2021_JP_R56,B,6,NA,401
SEP_09_0419,1215,2020-10-16T16:28:19Z,2021_JP_R56,B,10,NA,690
SEP_09_0420,1121,2020-10-16T18:12:36Z,2021_JP_R56,A,14,NA,387
SEP_09_0421,1236,2020-10-16T18:16:56Z,2021_JP_R56,B,6,NA,574
SEP_09_0422,1120,2020-10-16T18:20:09Z,2021_JP_R56,B,2,NA,269
SEP_09_0423,1208,2020-10-19T11:47:58Z,2021_JP_R56,D,5,NA,248
SEP_09_0424,1245,2020-10-20T11:20:13Z,2021_JP_R56,A,6,NA,567
SEP_09_0425,1244,2020-10-20T13:10:12Z,2021_JP_R56,B,4,NA,389
SEP_09_0426,1218,2020-10-20T13:55:04Z,2021_JP_R56,A,7,NA,433
SEP_09_0427,1125,2020-10-20T16:07:46Z,2021_JP_R56,B,6,NA,253
SEP_09_0428,1251,2020-10-20T17:10:16Z,2021_JP_R56,B,5,NA,389
SEP_09_0429,1247,2020-10-20T17:15:16Z,2021_JP_R56,B,2,NA,547
SEP_09_0430,1240,2020-10-20T20:12:42Z,2021_JP_R56,B,4,NA,544
SEP_09_0431,1246,2020-10-21T12:10:08Z,2021_JP_R56,A,6,NA,216
SEP_09_0432,1249,2020-10-21T13:17:47Z,2021_JP_R56,A,9,NA,623
SEP_09_0433,1233,2020-10-21T15:10:59Z,2021_JP_R56,A,11,NA,399
SEP_09_0434,1257,2020-10-21T16:06:10Z,2021_JP_R56,B,4,NA,341
SEP_09_0435,1262,2020-10-21T19:21:51Z,2021_JP_R56,B,2,NA,400
SEP_09_0436,1250,2020-10-22T11:12:21Z,2021_JP_R56,B,2,NA,284
SEP_09_0437,1235,2020-10-22T11:26:49Z,2021_JP_R56,B,10,NA,313
SEP_09_0438,1207,2020-10-22T11:39:16Z,2021_JP_R56,C,7,NA,160
SEP_09_0439,1252,2020-10-22T12:44:52Z,2021_JP_R56,A,3,NA,85
SEP_09_0440,1242,2020-10-22T13:11:47Z,2021_JP_R56,A,13,NA,417
SEP_09_0441,1243,2020-10-22T13:58:19Z,2021_JP_R56,B,8,NA,606
SEP_09_0442,1263,2020-10-22T15:17:43Z,2021_JP_R56,A,11,NA,555
SEP_09_0443,1217,2020-10-22T15:17:48Z,2021_JP_R56,A,10,NA,555
SEP_09_0444,1260,2020-10-22T16:12:03Z,2021_JP_R56,A,11,NA,586
SEP_09_0445,1121,2020-10-22T17:11:11Z,2021_JP_R56,B,12,NA,526
SEP_09_0446,1221,2020-10-22T19:06:40Z,2021_JP_R56,A,8,NA,475
SEP_09_0447,1204,2020-10-23T10:42:55Z,2021_JP_R56,D,6,NA,227
SEP_09_0448,1205,2020-10-23T12:58:08Z,2021_JP_R56,C,6,NA,200
SEP_09_0449,1266,2020-10-23T13:08:31Z,2021_JP_R56,B,6,NA,494
SEP_09_0450,1264,2020-10-23T15:09:59Z,2021_JP_R56,A,2,NA,198
SEP_09_0451,1267,2020-10-23T18:12:50Z,2021_JP_R56,A,7,NA,456
SEP_09_0452,1265,2020-10-23T18:17:05Z,2021_JP_R56,B,9,NA,596
SEP_09_0453,1120,2020-10-23T19:36:48Z,2021_JP_R56,A,6,NA,262
SEP_09_0454,1241,2020-10-26T19:36:06Z,2021_JP_R56,A,7,NA,342
SEP_09_0455,1258,2020-10-27T11:10:36Z,2021_JP_R56,B,6,NA,387
SEP_09_0456,1270,2020-10-27T13:18:16Z,2021_JP_R56,B,9,NA,592
SEP_09_0457,1269,2020-10-27T14:17:38Z,2021_JP_R56,B,3,NA,349
SEP_09_0458,1237,2020-10-27T15:14:10Z,2021_JP_R56,A,13,NA,528
SEP_09_0459,1268,2020-10-27T15:37:23Z,2021_JP_R56,A,13,NA,358
SEP_09_0460,1231,2020-10-27T18:26:06Z,2021_JP_R56,C,6,NA,156
SEP_09_0461,1271,2020-10-27T21:04:01Z,2021_JP_R56,A,11,NA,425
SEP_09_0462,1216,2020-10-28T11:46:25Z,2021_JP_R56,D,5,NA,333
SEP_09_0463,1228,2020-10-28T12:31:14Z,2021_JP_R56,D,4,NA,263
SEP_09_0464,1232,2020-10-28T13:34:51Z,2021_JP_R56,D,4,NA,165
SEP_09_0465,1272,2020-10-28T14:11:36Z,2021_JP_R56,A,12,NA,319
SEP_09_0466,1273,2020-10-28T15:11:58Z,2021_JP_R56,B,6,NA,430
SEP_09_0467,1214,2020-10-28T15:41:09Z,2021_JP_R56,D,5,NA,234
SEP_09_0468,1219,2020-10-28T19:15:10Z,2021_JP_R56,B,5,NA,584
SEP_09_0469,1276,2020-10-29T11:07:02Z,2021_JP_R56,A,9,NA,368
SEP_09_0470,1277,2020-10-29T13:29:24Z,2021_JP_R56,B,5,NA,487
SEP_09_0471,1278,2020-10-29T15:16:44Z,2021_JP_R56,B,8,NA,586
SEP_09_0472,1224,2020-10-30T12:55:15Z,2021_JP_R56,D,2,NA,115
SEP_09_0473,1234,2020-10-30T13:16:43Z,2021_JP_R56,A,5,NA,308
SEP_09_0474,1229,2020-10-30T15:29:41Z,2021_JP_R56,C,7,NA,207
SEP_09_0475,1238,2020-10-30T18:29:02Z,2021_JP_R56,D,0,NA,20
SEP_09_0476,1220,2020-11-02T12:31:39Z,2021_JP_R56,D,5,NA,311
SEP_09_0477,1239,2020-11-02T13:37:16Z,2021_JP_R56,C,7,NA,330
SEP_09_0478,1253,2020-11-02T15:05:19Z,2021_JP_R56,A,4,NA,212
SEP_09_0479,1279,2020-11-02T15:11:13Z,2021_JP_R56,A,10,NA,402
SEP_09_0480,1222,2020-11-02T15:25:52Z,2021_JP_R56,D,7,NA,236
SEP_09_0481,1280,2020-11-02T18:14:49Z,2021_JP_R56,A,8,NA,606
SEP_09_0482,1274,2020-11-03T11:13:54Z,2021_JP_R56,B,9,NA,424
SEP_09_0483,1256,2020-11-03T14:11:27Z,2021_JP_R56,A,11,NA,444
SEP_09_0484,1218,2020-11-04T11:32:54Z,2021_JP_R56,D,2,NA,89
SEP_09_0485,1255,2020-11-04T13:18:18Z,2021_JP_R56,B,7,NA,597
SEP_09_0486,1259,2020-11-04T14:09:52Z,2021_JP_R56,A,14,NA,445
SEP_09_0487,1251,2020-11-04T14:27:39Z,2021_JP_R56,C,5,NA,188
SEP_09_0488,1282,2020-11-04T15:09:03Z,2021_JP_R56,B,4,NA,579
SEP_09_0489,1283,2020-11-04T15:17:54Z,2021_JP_R56,A,13,NA,603
SEP_09_0490,1244,2020-11-04T15:30:01Z,2021_JP_R56,D,5,NA,270
SEP_09_0491,1286,2020-11-04T15:39:40Z,2021_JP_R56,B,2,NA,394
SEP_09_0492,1203,2020-11-04T17:00:40Z,2021_JP_R56,C,5,NA,365
SEP_09_0493,1257,2020-11-04T19:28:29Z,2021_JP_R56,C,5,NA,309
SEP_09_0494,1225,2020-11-05T10:27:45Z,2021_JP_R56,C,6,NA,162
SEP_09_0495,1287,2020-11-05T11:13:04Z,2021_JP_R56,A,8,NA,564
SEP_09_0496,1288,2020-11-05T12:13:08Z,2021_JP_R56,A,7,NA,386
SEP_09_0497,1242,2020-11-05T12:28:12Z,2021_JP_R56,D,6,NA,257
SEP_09_0498,1233,2020-11-05T14:13:57Z,2021_JP_R56,C,8,NA,206
SEP_09_0499,1217,2020-11-05T15:48:00Z,2021_JP_R56,C,6,NA,311
SEP_09_0500,1261,2020-11-05T17:10:33Z,2021_JP_R56,B,11,NA,472
SEP_09_0501,1221,2020-11-05T19:35:44Z,2021_JP_R56,C,4,NA,207
SEP_09_0502,1247,2020-11-06T13:35:04Z,2021_JP_R56,C,6,NA,264
SEP_09_0503,1249,2020-11-06T14:36:08Z,2021_JP_R56,C,7,NA,269
SEP_09_0504,1263,2020-11-06T15:29:34Z,2021_JP_R56,C,4,NA,273
SEP_09_0505,1243,2020-11-06T15:33:15Z,2021_JP_R56,C,5,NA,362
SEP_09_0506,1289,2020-11-06T18:13:59Z,2021_JP_R56,B,9,NA,611
SEP_09_0507,1265,2020-11-06T18:31:27Z,2021_JP_R56,C,7,NA,207
SEP_09_0508,1281,2020-11-06T19:22:06Z,2021_JP_R56,B,2,NA,414
SEP_09_0509,1245,2020-11-09T12:54:30Z,2021_JP_R56,C,4,NA,332
SEP_09_0510,1266,2020-11-09T14:45:27Z,2021_JP_R56,D,2,NA,267
SEP_09_0511,1201,2020-11-09T15:40:16Z,2021_JP_R56,C,1,NA,84
SEP_09_0512,1240,2020-11-09T16:35:00Z,2021_JP_R56,D,4,NA,330
SEP_09_0513,1250,2020-11-09T18:36:55Z,2021_JP_R56,D,2,NA,207
SEP_09_0514,1204,2020-11-10T07:41:33Z,2021_JP_R56,A,9,NA,362
SEP_09_0515,1206,2020-11-10T15:41:12Z,2021_JP_R56,D,4,NA,147
SEP_09_0516,1208,2020-11-10T16:09:05Z,2021_JP_R56,A,5,NA,390
SEP_09_0517,1260,2020-11-10T17:36:41Z,2021_JP_R56,D,7,NA,316
SEP_09_0518,1291,2020-11-10T17:58:49Z,2021_JP_R56,A,12,NA,440
SEP_09_0519,1212,2020-11-11T11:42:14Z,2021_JP_R56,D,3,NA,228
SEP_09_0520,1285,2020-11-11T15:09:49Z,2021_JP_R56,B,6,NA,524
SEP_09_0521,1237,2020-11-12T10:30:07Z,2021_JP_R56,C,8,NA,185
SEP_09_0522,1294,2020-11-12T12:13:36Z,2021_JP_R56,B,6,NA,528
SEP_09_0523,1269,2020-11-12T12:34:57Z,2021_JP_R56,C,4,NA,376
SEP_09_0524,1290,2020-11-12T13:52:46Z,2021_JP_R56,B,6,NA,234
SEP_09_0525,1207,2020-11-12T15:07:42Z,2021_JP_R56,A,10,NA,344
SEP_09_0526,1231,2020-11-12T16:07:47Z,2021_JP_R56,A,10,NA,274
SEP_09_0527,1270,2020-11-12T19:32:49Z,2021_JP_R56,D,4,NA,320
SEP_09_0528,1224,2020-11-13T07:40:00Z,2021_JP_R56,A,5,NA,283
SEP_09_0529,1271,2020-11-13T11:32:43Z,2021_JP_R56,C,8,NA,258
SEP_09_0530,1232,2020-11-13T12:14:46Z,2021_JP_R56,A,7,NA,434
SEP_09_0531,1205,2020-11-13T12:39:53Z,2021_JP_R56,B,7,NA,393
SEP_09_0532,1276,2020-11-13T12:45:55Z,2021_JP_R56,D,4,NA,376
SEP_09_0533,1272,2020-11-13T14:26:09Z,2021_JP_R56,D,6,NA,181
SEP_09_0534,1219,2020-11-13T14:39:27Z,2021_JP_R56,C,5,NA,328
SEP_09_0535,1216,2020-11-13T15:39:26Z,2021_JP_R56,A,6,NA,392
SEP_09_0536,1295,2020-11-13T16:04:44Z,2021_JP_R56,A,9,NA,413
SEP_09_0537,1298,2020-11-13T16:25:30Z,2021_JP_R56,B,9,NA,297
SEP_09_0538,1273,2020-11-13T19:44:26Z,2021_JP_R56,C,5,NA,223
SEP_09_0539,1278,2020-11-13T20:57:19Z,2021_JP_R56,D,4,NA,253
SEP_09_0540,1234,2020-11-16T14:18:45Z,2021_JP_R56,D,5,NA,300
SEP_09_0541,1209,2020-11-16T16:33:41Z,2021_JP_R56,C,2,NA,114
SEP_09_0542,1241,2020-11-16T19:46:41Z,2021_JP_R56,C,4,NA,163
SEP_09_0543,1297,2020-11-16T20:58:10Z,2021_JP_R56,B,7,NA,464
SEP_09_0544,1204,2020-11-17T10:10:21Z,2021_JP_R56,B,7,NA,388
SEP_09_0545,1228,2020-11-17T12:08:15Z,2021_JP_R56,A,11,NA,289
SEP_09_0546,1258,2020-11-17T12:27:42Z,2021_JP_R56,D,3,NA,190
SEP_09_0547,1301,2020-11-17T13:11:20Z,2021_JP_R56,B,9,NA,524
SEP_09_0548,1306,2020-11-17T14:05:43Z,2021_JP_R56,B,6,NA,226
SEP_09_0549,1208,2020-11-17T15:23:26Z,2021_JP_R56,B,6,NA,268
SEP_09_0550,1229,2020-11-17T15:32:34Z,2021_JP_R56,B,11,NA,734
SEP_09_0551,1279,2020-11-17T16:33:17Z,2021_JP_R56,C,7,NA,144
SEP_09_0552,1293,2020-11-17T19:11:21Z,2021_JP_R56,B,8,NA,312
SEP_09_0553,1300,2020-11-18T11:58:12Z,2021_JP_R56,A,7,NA,513
SEP_09_0554,1251,2020-11-18T14:07:38Z,2021_JP_R56,A,12,NA,281
SEP_09_0555,1303,2020-11-18T14:11:07Z,2021_JP_R56,A,7,NA,447
SEP_09_0556,1238,2020-11-18T14:59:59Z,2021_JP_R56,B,1,NA,52
SEP_09_0557,1214,2020-11-18T15:08:36Z,2021_JP_R56,B,12,NA,345
SEP_09_0558,1205,2020-11-18T15:09:39Z,2021_JP_R56,A,10,NA,379
SEP_09_0559,1261,2020-11-18T18:22:01Z,2021_JP_R56,C,8,NA,93
SEP_09_0560,1283,2020-11-18T19:31:20Z,2021_JP_R56,C,6,NA,271
SEP_09_0561,1216,2020-11-19T11:37:07Z,2021_JP_R56,B,9,NA,276
SEP_09_0562,1302,2020-11-19T12:35:40Z,2021_JP_R56,B,4,NA,404
SEP_09_0563,1224,2020-11-19T13:51:52Z,2021_JP_R56,B,4,NA,230
SEP_09_0564,1218,2020-11-19T13:52:16Z,2021_JP_R56,B,3,NA,268
SEP_09_0565,1254,2020-11-19T15:24:08Z,2021_JP_R56,B,4,NA,208
SEP_09_0566,1304,2020-11-19T16:11:57Z,2021_JP_R56,A,6,NA,468
SEP_09_0567,1231,2020-11-19T18:06:44Z,2021_JP_R56,B,10,NA,227
SEP_09_0568,1221,2020-11-19T19:20:25Z,2021_JP_R56,B,9,NA,253
SEP_09_0569,1307,2020-11-19T20:11:36Z,2021_JP_R56,A,11,NA,548
SEP_09_0570,1255,2020-11-19T20:33:12Z,2021_JP_R56,C,6,NA,220
SEP_09_0571,1217,2020-11-20T10:11:49Z,2021_JP_R56,B,10,NA,361
SEP_09_0572,1207,2020-11-20T12:37:01Z,2021_JP_R56,B,10,NA,253
SEP_09_0573,1239,2020-11-20T14:17:23Z,2021_JP_R56,A,11,NA,597
SEP_09_0574,1277,2020-11-20T14:32:58Z,2021_JP_R56,C,4,NA,333
SEP_09_0575,1243,2020-11-20T15:11:35Z,2021_JP_R56,A,10,NA,581
SEP_09_0576,1299,2020-11-20T17:33:55Z,2021_JP_R56,A,12,NA,520
SEP_09_0577,1232,2020-11-20T18:12:42Z,2021_JP_R56,B,8,NA,481
SEP_09_0578,1265,2020-11-20T18:12:51Z,2021_JP_R56,A,12,NA,523
SEP_09_0579,1223,2020-11-23T11:10:38Z,2021_JP_R56,C,1,NA,93
SEP_09_0580,1274,2020-11-23T13:23:31Z,2021_JP_R56,D,5,NA,135
SEP_09_0581,1225,2020-11-23T13:54:27Z,2021_JP_R56,B,7,NA,399
SEP_09_0582,1247,2020-11-23T14:17:45Z,2021_JP_R56,A,5,NA,375
SEP_09_0583,1249,2020-11-23T16:12:13Z,2021_JP_R56,B,9,NA,470
SEP_09_0584,1308,2020-11-23T18:10:06Z,2021_JP_R56,A,8,NA,349
SEP_09_0585,1280,2020-11-23T18:29:47Z,2021_JP_R56,D,6,NA,262
SEP_09_0586,1295,2020-11-23T18:55:09Z,2021_JP_R56,C,8,NA,200
SEP_09_0587,1257,2020-11-23T19:04:22Z,2021_JP_R56,A,8,NA,370
SEP_09_0588,1259,2020-11-23T20:26:05Z,2021_JP_R56,C,8,NA,144
SEP_09_0589,1218,2020-11-24T10:06:14Z,2021_JP_R56,A,4,NA,204
SEP_09_0590,1260,2020-11-24T11:14:27Z,2021_JP_R56,B,7,NA,568
SEP_09_0591,1242,2020-11-24T11:22:53Z,2021_JP_R56,B,12,NA,322
SEP_09_0592,1228,2020-11-24T12:05:27Z,2021_JP_R56,B,9,NA,309
SEP_09_0593,1314,2020-11-24T12:13:01Z,2021_JP_R56,B,9,NA,591
SEP_09_0594,1286,2020-11-24T12:30:01Z,2021_JP_R56,D,5,NA,222
SEP_09_0595,1244,2020-11-24T13:08:51Z,2021_JP_R56,A,7,NA,346
SEP_09_0596,1282,2020-11-24T14:29:57Z,2021_JP_R56,D,1,NA,263
SEP_09_0597,1214,2020-11-24T15:12:28Z,2021_JP_R56,A,13,NA,206
SEP_09_0598,1220,2020-11-24T16:07:02Z,2021_JP_R56,A,6,NA,308
SEP_09_0599,1243,2020-11-24T16:40:33Z,2021_JP_R56,B,12,NA,466
SEP_09_0600,1229,2020-11-24T17:10:27Z,2021_JP_R56,A,14,NA,455
SEP_09_0601,1221,2020-11-24T19:27:58Z,2021_JP_R56,A,9,NA,257
SEP_09_0602,1289,2020-11-24T21:33:49Z,2021_JP_R56,C,7,NA,304
SEP_09_0603,1217,2020-11-25T09:09:10Z,2021_JP_R56,A,12,NA,398
SEP_09_0604,1309,2020-11-25T11:23:21Z,2021_JP_R56,B,11,NA,641
SEP_09_0605,1311,2020-11-25T12:06:45Z,2021_JP_R56,A,7,NA,246
SEP_09_0606,1250,2020-11-25T12:08:47Z,2021_JP_R56,A,2,NA,144
SEP_09_0607,1298,2020-11-25T12:37:23Z,2021_JP_R56,D,4,NA,201
SEP_09_0608,1251,2020-11-25T14:09:59Z,2021_JP_R56,B,10,NA,348
SEP_09_0609,1239,2020-11-25T14:10:46Z,2021_JP_R56,B,10,NA,513
SEP_09_0610,1305,2020-11-25T14:15:03Z,2021_JP_R56,B,4,NA,584
SEP_09_0611,1310,2020-11-25T15:39:29Z,2021_JP_R56,B,8,NA,241
SEP_09_0612,1294,2020-11-25T16:07:12Z,2021_JP_R56,D,3,NA,319
SEP_09_0613,1285,2020-11-25T16:28:27Z,2021_JP_R56,C,4,NA,233
SEP_09_0614,1256,2020-11-25T16:37:13Z,2021_JP_R56,D,7,NA,373
SEP_09_0615,1238,2020-11-25T20:03:38Z,2021_JP_R56,A,2,NA,59
SEP_09_0616,1242,2020-11-30T12:27:13Z,2021_JP_R56,D,6,NA,189
SEP_09_0617,1235,2020-11-30T12:47:34Z,2021_JP_R56,C,5,NA,162
SEP_09_0618,1233,2020-11-30T13:56:20Z,2021_JP_R56,B,10,NA,514
SEP_09_0619,1313,2020-11-30T15:18:25Z,2021_JP_R56,B,9,NA,641
SEP_09_0620,1265,2020-11-30T18:10:33Z,2021_JP_R56,B,7,NA,525
SEP_09_0621,1303,2020-11-30T18:45:48Z,2021_JP_R56,C,2,NA,330
SEP_09_0622,1306,2020-12-01T11:56:07Z,2021_JP_R56,D,2,NA,181
SEP_09_0623,1244,2020-12-01T12:17:26Z,2021_JP_R56,B,6,NA,391
SEP_09_0624,1290,2020-12-01T13:32:38Z,2021_JP_R56,D,3,NA,155
SEP_09_0625,1225,2020-12-01T14:07:28Z,2021_JP_R56,A,9,NA,275
SEP_09_0626,1222,2020-12-01T15:09:13Z,2021_JP_R56,B,11,NA,389
SEP_09_0627,1272,2020-12-01T15:09:38Z,2021_JP_R56,B,4,NA,234
SEP_09_0628,1242,2020-12-01T16:26:29Z,2021_JP_R56,A,12,NA,249
SEP_09_0629,1276,2020-12-01T17:07:19Z,2021_JP_R56,B,7,NA,337
SEP_09_0630,1278,2020-12-01T17:10:14Z,2021_JP_R56,A,8,NA,468
SEP_09_0631,1269,2020-12-01T18:11:39Z,2021_JP_R56,A,7,NA,412
SEP_09_0632,1257,2020-12-01T20:10:19Z,2021_JP_R56,B,7,NA,340
SEP_09_0633,1279,2020-12-02T16:07:59Z,2021_JP_R56,B,9,NA,228
SEP_09_0634,1301,2020-12-02T17:01:03Z,2021_JP_R56,C,5,NA,247
SEP_09_0635,1249,2020-12-02T18:11:35Z,2021_JP_R56,A,10,NA,496
SEP_09_0636,1302,2020-12-02T19:38:48Z,2021_JP_R56,D,2,NA,236
SEP_09_0637,1312,2020-12-02T20:11:55Z,2021_JP_R56,A,6,NA,401
SEP_09_0638,1250,2020-12-02T20:12:29Z,2021_JP_R56,B,3,NA,361
SEP_09_0639,1219,2020-12-02T20:15:08Z,2021_JP_R56,A,9,NA,566
SEP_09_0640,1316,2020-12-03T13:29:07Z,2021_JP_R56,A,9,NA,550
SEP_09_0641,1300,2020-12-03T13:34:58Z,2021_JP_R56,D,2,NA,335
SEP_09_0642,1304,2020-12-03T15:32:37Z,2021_JP_R56,D,6,NA,258
SEP_09_0643,1260,2020-12-03T17:11:11Z,2021_JP_R56,A,11,NA,484
SEP_09_0644,1273,2020-12-03T18:18:18Z,2021_JP_R56,A,10,NA,382
SEP_09_0645,1283,2020-12-04T11:16:10Z,2021_JP_R56,B,9,NA,518
SEP_09_0646,1258,2020-12-04T13:14:00Z,2021_JP_R56,A,8,NA,485
SEP_09_0647,1233,2020-12-04T13:22:48Z,2021_JP_R56,A,13,NA,317
SEP_09_0648,1240,2020-12-04T14:12:22Z,2021_JP_R56,A,8,NA,555
SEP_09_0649,1220,2020-12-04T14:38:51Z,2021_JP_R56,B,10,NA,464
SEP_09_0650,1271,2020-12-04T16:06:57Z,2021_JP_R56,B,9,NA,466
SEP_09_0651,1311,2020-12-04T18:25:21Z,2021_JP_R56,C,5,NA,101
SEP_09_0652,1222,2020-12-07T11:23:45Z,2021_JP_R56,A,14,NA,303
SEP_09_0653,1291,2020-12-07T12:29:55Z,2021_JP_R56,C,8,NA,154
SEP_09_0654,1234,2020-12-07T13:56:29Z,2021_JP_R56,B,8,NA,415
SEP_09_0655,1247,2020-12-07T14:05:40Z,2021_JP_R56,B,3,NA,204
SEP_09_0656,1259,2020-12-07T15:11:17Z,2021_JP_R56,B,14,NA,481
SEP_09_0657,1263,2020-12-07T15:15:03Z,2021_JP_R56,B,6,NA,452
SEP_09_0658,1310,2020-12-07T17:10:54Z,2021_JP_R56,D,5,NA,140
SEP_09_0659,1264,2020-12-07T18:34:12Z,2021_JP_R56,D,0,NA,62
SEP_09_0660,1314,2020-12-07T18:47:15Z,2021_JP_R56,D,5,NA,278
SEP_09_0661,1307,2020-12-07T20:30:04Z,2021_JP_R56,C,8,NA,163
SEP_09_0662,1269,2020-12-08T14:09:54Z,2021_JP_R56,B,6,NA,354
SEP_09_0663,1295,2020-12-08T17:41:37Z,2021_JP_R56,B,11,NA,415
SEP_09_0664,1279,2020-12-08T18:08:07Z,2021_JP_R56,A,9,NA,255
SEP_09_0665,1305,2020-12-08T19:40:47Z,2021_JP_R56,C,4,NA,262
SEP_09_0666,1212,2020-12-09T11:21:45Z,2021_JP_R56,A,6,NA,236
SEP_09_0667,1259,2020-12-09T12:08:11Z,2021_JP_R56,A,14,NA,329
SEP_09_0668,1272,2020-12-09T12:12:02Z,2021_JP_R56,A,10,NA,223
SEP_09_0669,1277,2020-12-09T13:30:01Z,2021_JP_R56,A,5,NA,407
SEP_09_0670,1256,2020-12-09T14:13:23Z,2021_JP_R56,B,8,NA,558
SEP_09_0671,1276,2020-12-09T15:12:05Z,2021_JP_R56,A,12,NA,335
SEP_09_0672,1278,2020-12-09T17:06:26Z,2021_JP_R56,B,9,NA,448
SEP_09_0673,1219,2020-12-09T20:11:44Z,2021_JP_R56,B,4,NA,418
SEP_09_0674,1298,2020-12-10T11:07:43Z,2021_JP_R56,A,10,NA,251
SEP_09_0675,1294,2020-12-10T12:39:08Z,2021_JP_R56,A,10,NA,371
SEP_09_0676,1254,2020-12-10T13:20:40Z,2021_JP_R56,D,0,NA,92
SEP_09_0677,1266,2020-12-10T14:08:55Z,2021_JP_R56,A,11,NA,346
SEP_09_0678,1258,2020-12-10T15:11:58Z,2021_JP_R56,B,7,NA,271
SEP_09_0679,1280,2020-12-10T19:16:45Z,2021_JP_R56,B,9,NA,419
SEP_09_0680,1255,2020-12-10T20:12:16Z,2021_JP_R56,A,11,NA,375
SEP_09_0681,1283,2020-12-11T12:09:45Z,2021_JP_R56,A,9,NA,381
SEP_09_0682,1273,2020-12-11T13:12:28Z,2021_JP_R56,B,9,NA,387
SEP_09_0683,1240,2020-12-11T13:15:49Z,2021_JP_R56,B,6,NA,531
SEP_09_0684,1234,2020-12-11T15:10:48Z,2021_JP_R56,A,9,NA,493
SEP_09_0685,1241,2020-12-11T17:16:58Z,2021_JP_R56,B,3,NA,289
SEP_09_0686,1299,2020-12-11T17:46:51Z,2021_JP_R56,C,8,NA,150
SEP_09_0687,1293,2020-12-11T18:42:56Z,2021_JP_R56,C,7,NA,224
SEP_09_0688,1271,2020-12-11T19:16:57Z,2021_JP_R56,A,6,NA,355
SEP_09_0689,1212,2020-12-14T10:42:13Z,2021_JP_R56,B,7,NA,186
SEP_09_0690,1282,2020-12-14T14:06:56Z,2021_JP_R56,A,6,NA,268
SEP_09_0691,1263,2020-12-14T16:10:15Z,2021_JP_R56,A,12,NA,411
SEP_09_0692,1277,2020-12-15T15:14:27Z,2021_JP_R56,B,4,NA,503
SEP_09_0693,1201,2020-12-15T15:37:01Z,2021_JP_R56,B,2,NA,139
SEP_09_0694,1295,2020-12-15T17:53:25Z,2021_JP_R56,A,11,NA,338
SEP_09_0695,1311,2020-12-15T19:09:07Z,2021_JP_R56,B,4,NA,355
SEP_09_0696,1297,2020-12-15T22:04:40Z,2021_JP_R56,C,6,NA,193
SEP_09_0697,1300,2020-12-17T11:07:40Z,2021_JP_R56,B,8,NA,330
SEP_09_0698,1255,2020-12-17T11:12:36Z,2021_JP_R56,B,10,NA,432
SEP_09_0699,1294,2020-12-17T12:07:50Z,2021_JP_R56,B,8,NA,331
SEP_09_0700,1298,2020-12-17T13:15:58Z,2021_JP_R56,B,8,NA,232
SEP_09_0701,1316,2020-12-17T13:28:58Z,2021_JP_R56,D,5,NA,271
SEP_09_0702,1290,2020-12-17T13:52:59Z,2021_JP_R56,A,6,NA,135
SEP_09_0703,1241,2020-12-17T16:09:38Z,2021_JP_R56,A,7,NA,286
SEP_09_0704,1289,2020-12-17T16:15:25Z,2021_JP_R56,A,11,NA,568
SEP_09_0705,1235,2020-12-17T16:29:54Z,2021_JP_R56,A,11,NA,487
SEP_09_0706,1286,2020-12-17T16:35:22Z,2021_JP_R56,A,2,NA,348
SEP_09_0707,1285,2020-12-17T16:46:56Z,2021_JP_R56,A,6,NA,380
SEP_09_0708,1305,2020-12-17T18:08:43Z,2021_JP_R56,A,7,NA,431
SEP_09_0709,1312,2020-12-17T20:36:02Z,2021_JP_R56,D,6,NA,247
SEP_09_0710,1303,2020-12-17T21:09:35Z,2021_JP_R56,B,7,NA,549
SEP_09_0711,1203,2020-12-18T10:12:27Z,2021_JP_R56,B,11,NA,592
SEP_09_0712,1280,2020-12-18T12:08:25Z,2021_JP_R56,A,12,NA,385
SEP_09_0713,1282,2020-12-18T13:06:18Z,2021_JP_R56,B,3,NA,355
SEP_09_0714,1256,2020-12-18T13:08:47Z,2021_JP_R56,A,11,NA,374
SEP_09_0715,1266,2020-12-18T14:09:30Z,2021_JP_R56,B,6,NA,384
SEP_09_0716,1201,2020-12-18T15:38:05Z,2021_JP_R56,A,2,NA,147
SEP_09_0717,1313,2020-12-18T16:02:39Z,2021_JP_R56,C,5,NA,319
SEP_09_0718,1306,2020-12-18T17:05:34Z,2021_JP_R56,A,5,NA,197
SEP_09_0719,1304,2020-12-18T17:41:57Z,2021_JP_R56,B,11,NA,443
SEP_09_0720,1301,2020-12-18T19:10:00Z,2021_JP_R56,A,11,NA,383
SEP_09_0721,1235,2020-12-21T12:38:42Z,2021_JP_R56,B,9,NA,322
SEP_09_0722,1300,2020-12-22T11:22:44Z,2021_JP_R56,A,6,NA,220
SEP_09_0723,1303,2020-12-22T12:09:46Z,2021_JP_R56,A,12,NA,507
SEP_09_0724,1290,2020-12-22T13:07:08Z,2021_JP_R56,B,6,NA,147
SEP_09_0725,1286,2020-12-22T15:06:55Z,2021_JP_R56,B,5,NA,272
SEP_09_0726,1306,2020-12-22T16:05:12Z,2021_JP_R56,B,8,NA,201
SEP_09_0727,1285,2020-12-22T16:30:54Z,2021_JP_R56,B,7,NA,288
SEP_09_0728,1304,2020-12-22T17:39:01Z,2021_JP_R56,A,9,NA,336
SEP_09_0729,1305,2020-12-22T17:56:12Z,2021_JP_R56,B,12,NA,457
SEP_09_0730,1311,2020-12-22T19:05:05Z,2021_JP_R56,A,10,NA,290
SEP_09_0731,1301,2020-12-23T19:14:27Z,2021_JP_R56,B,10,NA,384
SEP_09_0732,1289,2021-01-07T14:44:22Z,2021_JP_R56,B,12,NA,561
SEP_09_0733,1307,2021-01-11T14:10:29Z,2021_JP_R56,B,9,NA,422
SEP_09_0734,1319,2021-01-13T11:12:12Z,2021_JP_R56,B,9,NA,564
SEP_09_0735,1293,2021-01-13T11:57:59Z,2021_JP_R56,A,10,NA,362
SEP_09_0736,1308,2021-01-13T14:09:33Z,2021_JP_R56,B,7,NA,329
SEP_09_0737,1316,2021-01-13T14:11:53Z,2021_JP_R56,B,9,NA,495
SEP_09_0738,1302,2021-01-13T15:42:09Z,2021_JP_R56,A,2,NA,433
SEP_09_0739,1310,2021-01-13T17:21:13Z,2021_JP_R56,A,8,NA,181
SEP_09_0740,1314,2021-01-13T18:12:57Z,2021_JP_R56,A,11,NA,432
SEP_09_0741,1299,2021-01-13T19:08:28Z,2021_JP_R56,B,10,NA,522
SEP_09_0742,1274,2021-01-15T12:12:26Z,2021_JP_R56,A,7,NA,292
SEP_09_0743,1317,2021-01-15T13:10:13Z,2021_JP_R56,B,5,NA,361
SEP_09_0744,1319,2021-01-15T14:40:10Z,2021_JP_R56,A,10,NA,493
SEP_09_0745,1307,2021-01-15T19:39:59Z,2021_JP_R56,A,5,NA,108
SEP_09_0746,1313,2021-01-15T19:41:15Z,2021_JP_R56,A,10,NA,491
SEP_09_0747,1318,2021-01-15T20:06:44Z,2021_JP_R56,B,9,NA,392
SEP_09_0748,1308,2021-01-20T14:53:54Z,2021_JP_R56,A,8,NA,305
SEP_09_0749,1326,2021-01-20T15:34:01Z,2021_JP_R56,B,6,NA,452
SEP_09_0750,1310,2021-01-20T17:09:31Z,2021_JP_R56,B,9,NA,186
SEP_09_0751,1320,2021-01-20T19:40:57Z,2021_JP_R56,A,13,NA,425
SEP_09_0752,1314,2021-01-20T20:31:59Z,2021_JP_R56,B,11,NA,467
SEP_09_0753,1299,2021-01-21T17:39:50Z,2021_JP_R56,A,13,NA,331
SEP_09_0754,1324,2021-01-21T18:17:39Z,2021_JP_R56,A,7,NA,617
SEP_09_0755,1316,2021-01-21T21:07:51Z,2021_JP_R56,A,12,NA,456
SEP_09_0756,1312,2021-01-21T21:10:06Z,2021_JP_R56,B,5,NA,371
SEP_09_0757,1293,2021-01-22T12:08:54Z,2021_JP_R56,B,9,NA,373
SEP_09_0758,1274,2021-01-22T14:09:50Z,2021_JP_R56,B,11,NA,325
SEP_09_0759,1321,2021-01-22T14:11:39Z,2021_JP_R56,B,7,NA,483
SEP_09_0760,1261,2021-01-22T16:19:38Z,2021_JP_R56,A,12,NA,251
SEP_09_0761,1302,2021-01-22T17:09:27Z,2021_JP_R56,B,2,NA,313
SEP_09_0762,1254,2021-01-22T17:15:25Z,2021_JP_R56,A,2,NA,66
SEP_09_0763,1325,2021-01-22T17:27:34Z,2021_JP_R56,B,7,NA,514
SEP_09_0764,1323,2021-01-22T17:57:45Z,2021_JP_R56,A,12,NA,590
SEP_09_0765,1313,2021-01-22T19:11:51Z,2021_JP_R56,B,11,NA,447
SEP_09_0766,1327,2021-01-22T19:55:48Z,2021_JP_R56,A,8,NA,421
SEP_09_0767,1322,2021-01-25T20:16:50Z,2021_JP_R56,B,5,NA,585
SEP_09_0768,1330,2021-01-26T16:17:34Z,2021_JP_R56,B,5,NA,558
SEP_09_0769,1312,2021-01-26T20:40:54Z,2021_JP_R56,A,9,NA,301
SEP_09_0770,1254,2021-01-27T12:25:33Z,2021_JP_R56,B,4,NA,55
SEP_09_0771,1328,2021-01-27T14:14:31Z,2021_JP_R56,A,8,NA,540
SEP_09_0772,1332,2021-01-27T14:23:47Z,2021_JP_R56,A,10,NA,350
SEP_09_0773,1333,2021-01-27T14:51:28Z,2021_JP_R56,B,7,NA,544
SEP_09_0774,1334,2021-01-27T16:15:42Z,2021_JP_R56,B,8,NA,623
SEP_09_0775,1338,2021-01-27T19:58:59Z,2021_JP_R56,B,10,NA,564
SEP_09_0776,1339,2021-01-28T16:12:58Z,2021_JP_R56,A,5,NA,274
SEP_09_0777,1291,2021-01-28T19:09:58Z,2021_JP_R56,B,12,NA,385
SEP_09_0778,1319,2021-01-28T19:29:52Z,2021_JP_R56,C,5,NA,228
SEP_09_0779,1297,2021-01-28T20:34:15Z,2021_JP_R56,A,6,NA,631
SEP_09_0780,1335,2021-01-29T12:30:00Z,2021_JP_R56,A,10,NA,394
SEP_09_0781,1318,2021-01-29T13:29:55Z,2021_JP_R56,D,6,NA,219
SEP_09_0782,1341,2021-01-29T14:14:15Z,2021_JP_R56,B,7,NA,552
SEP_09_0783,1337,2021-01-29T15:04:40Z,2021_JP_R56,B,7,NA,657
SEP_09_0784,1261,2021-01-29T15:09:08Z,2021_JP_R56,B,11,NA,345
SEP_09_0785,1340,2021-01-29T18:11:42Z,2021_JP_R56,A,14,NA,441
SEP_09_0786,1331,2021-01-29T19:27:58Z,2021_JP_R56,A,10,NA,558
SEP_09_0787,1317,2021-02-01T17:30:05Z,2021_JP_R56,C,5,NA,202
SEP_09_0788,1336,2021-02-01T17:39:52Z,2021_JP_R56,A,9,NA,396
SEP_09_0789,1329,2021-02-03T12:12:00Z,2021_JP_R56,B,4,NA,440
SEP_09_0790,1291,2021-02-03T13:57:17Z,2021_JP_R56,A,10,NA,337
SEP_09_0791,1297,2021-02-03T19:39:22Z,2021_JP_R56,B,6,NA,374
SEP_09_0792,1342,2021-02-04T15:52:18Z,2021_JP_R56,B,11,NA,506
SEP_09_0793,1327,2021-02-04T16:37:31Z,2021_JP_R56,C,5,NA,334
SEP_09_0794,1324,2021-02-05T13:50:04Z,2021_JP_R56,D,5,NA,328
SEP_09_0795,1325,2021-02-05T18:30:53Z,2021_JP_R56,C,4,NA,324
SEP_09_0796,1343,2021-02-05T19:11:42Z,2021_JP_R56,A,9,NA,483
SEP_09_0797,1323,2021-02-05T19:29:28Z,2021_JP_R56,C,8,NA,176
SEP_09_0798,1335,2021-02-08T10:53:12Z,2021_JP_R56,C,6,NA,250
SEP_09_0799,1321,2021-02-08T12:22:02Z,2021_JP_R56,C,7,NA,327
SEP_09_0800,1326,2021-02-08T16:32:58Z,2021_JP_R56,D,4,NA,390
SEP_09_0801,1334,2021-02-10T14:26:54Z,2021_JP_R56,D,4,NA,306
SEP_09_0802,1320,2021-02-10T18:34:08Z,2021_JP_R56,D,5,NA,324
SEP_09_0803,1339,2021-02-11T16:28:49Z,2021_JP_R56,C,5,NA,150
SEP_09_0804,1338,2021-02-11T18:40:19Z,2021_JP_R56,D,6,NA,192
SEP_09_0805,1332,2021-02-12T13:43:16Z,2021_JP_R56,D,3,NA,224
SEP_09_0806,1336,2021-02-12T18:35:16Z,2021_JP_R56,D,5,NA,257
SEP_09_0807,1319,2021-02-12T19:12:35Z,2021_JP_R56,B,8,NA,508
SEP_09_0808,1330,2021-02-16T16:42:05Z,2021_JP_R56,D,4,NA,362
SEP_09_0809,1340,2021-02-16T20:27:40Z,2021_JP_R56,D,8,NA,262
SEP_09_0810,1329,2021-02-17T12:30:22Z,2021_JP_R56,C,4,NA,216
SEP_09_0811,1328,2021-02-17T14:31:50Z,2021_JP_R56,D,2,NA,267
SEP_09_0812,1333,2021-02-17T20:09:55Z,2021_JP_R56,C,3,NA,220
SEP_09_0813,1343,2021-02-17T20:39:13Z,2021_JP_R56,C,3,NA,235
SEP_09_0814,1337,2021-02-18T15:21:47Z,2021_JP_R56,C,5,NA,281
SEP_09_0815,1342,2021-02-18T16:42:56Z,2021_JP_R56,D,4,NA,352
SEP_09_0816,1324,2021-02-18T18:51:55Z,2021_JP_R56,B,8,NA,567
SEP_09_0817,1319,2021-02-18T19:48:45Z,2021_JP_R56,A,10,NA,440
SEP_09_0818,1335,2021-02-19T10:57:22Z,2021_JP_R56,B,9,NA,383
SEP_09_0819,1331,2021-02-19T13:34:36Z,2021_JP_R56,C,6,NA,349
SEP_09_0820,1318,2021-02-19T15:35:03Z,2021_JP_R56,A,11,NA,385
SEP_09_0821,1323,2021-02-19T17:41:22Z,2021_JP_R56,B,12,NA,716
SEP_09_0822,1317,2021-02-19T19:03:45Z,2021_JP_R56,A,6,NA,253
SEP_09_0823,1327,2021-02-22T20:12:38Z,2021_JP_R56,B,9,NA,451
SEP_09_0824,1318,2021-02-24T12:11:59Z,2021_JP_R56,B,11,NA,404
SEP_09_0825,1326,2021-02-24T16:11:50Z,2021_JP_R56,A,7,NA,403
SEP_09_0826,1323,2021-02-24T20:36:52Z,2021_JP_R56,A,13,NA,396
SEP_09_0827,1317,2021-02-25T17:37:20Z,2021_JP_R56,B,8,NA,340
SEP_09_0828,1324,2021-02-25T18:41:57Z,2021_JP_R56,A,9,NA,589
SEP_09_0829,1321,2021-02-26T13:18:40Z,2021_JP_R56,A,9,NA,379
SEP_09_0830,1335,2021-02-26T13:35:22Z,2021_JP_R56,A,12,NA,280
SEP_09_0831,1327,2021-02-26T16:09:02Z,2021_JP_R56,A,10,NA,410
SEP_09_0832,1325,2021-02-26T16:41:25Z,2021_JP_R56,A,9,NA,500
SEP_09_0833,1334,2021-03-02T17:13:59Z,2021_JP_R56,A,12,NA,552
SEP_09_0834,1338,2021-03-03T14:09:21Z,2021_JP_R56,A,9,NA,296
SEP_09_0835,1328,2021-03-03T14:10:03Z,2021_JP_R56,B,5,NA,380
SEP_09_0836,1336,2021-03-03T17:09:14Z,2021_JP_R56,B,7,NA,351
SEP_09_0837,1326,2021-03-03T17:13:33Z,2021_JP_R56,B,11,NA,510
SEP_09_0838,1329,2021-03-03T20:11:09Z,2021_JP_R56,A,11,NA,418
SEP_09_0839,1339,2021-03-04T16:07:38Z,2021_JP_R56,B,5,NA,255
SEP_09_0840,1333,2021-03-04T17:41:51Z,2021_JP_R56,A,7,NA,478
SEP_09_0841,1320,2021-03-04T20:08:53Z,2021_JP_R56,B,11,NA,461
SEP_09_0842,1342,2021-03-05T11:00:02Z,2021_JP_R56,A,11,NA,465
SEP_09_0843,1330,2021-03-05T12:55:50Z,2021_JP_R56,A,9,NA,544
SEP_09_0844,1321,2021-03-05T14:15:48Z,2021_JP_R56,B,10,NA,440
SEP_09_0845,1337,2021-03-05T15:11:16Z,2021_JP_R56,A,9,NA,517
SEP_09_0846,1325,2021-03-05T17:11:19Z,2021_JP_R56,B,10,NA,551
SEP_09_0847,1331,2021-03-05T17:42:18Z,2021_JP_R56,B,9,NA,597
SEP_09_0848,1340,2021-03-05T18:12:19Z,2021_JP_R56,B,12,NA,580
SEP_09_0849,1332,2021-03-05T19:06:37Z,2021_JP_R56,B,10,NA,278
SEP_09_0850,1343,2021-03-05T19:43:47Z,2021_JP_R56,B,8,NA,549
SEP_09_0851,1339,2021-03-09T14:12:05Z,2021_JP_R56,A,7,NA,389
SEP_09_0852,1330,2021-03-09T16:15:47Z,2021_JP_R56,B,9,NA,591
SEP_09_0853,1333,2021-03-10T10:26:38Z,2021_JP_R56,B,5,NA,553
SEP_09_0854,1329,2021-03-10T12:08:51Z,2021_JP_R56,B,8,NA,332
SEP_09_0855,1336,2021-03-10T12:37:23Z,2021_JP_R56,A,9,NA,375
SEP_09_0856,1334,2021-03-10T16:13:10Z,2021_JP_R56,B,8,NA,448
SEP_09_0857,1338,2021-03-10T18:15:36Z,2021_JP_R56,B,10,NA,659
SEP_09_0858,1332,2021-03-10T20:07:57Z,2021_JP_R56,A,10,NA,341
SEP_09_0859,1328,2021-03-11T16:11:55Z,2021_JP_R56,A,6,NA,361
SEP_09_0860,1342,2021-03-12T16:10:49Z,2021_JP_R56,B,11,NA,356
SEP_09_0861,1340,2021-03-12T17:08:00Z,2021_JP_R56,A,13,NA,339
SEP_09_0862,1337,2021-03-12T18:11:46Z,2021_JP_R56,B,9,NA,506
SEP_09_0863,1343,2021-03-12T19:12:16Z,2021_JP_R56,A,10,NA,494
SEP_09_0864,1331,2021-03-16T16:12:00Z,2021_JP_R56,A,13,NA,446
SEP_09_0865,1320,2021-03-16T21:08:37Z,2021_JP_R56,A,13,NA,334
