participant_id,participant_id_dataset,semester_id,date,year,academic_year,semester,days_since_semester_start,first_day_of_the_semester,dataset_of_origin,ucmrt_hit_rate,sandia_matrices_hit_rate,matrices_hit_rate,Q34,Q36,Q38,Q40,Q42,Q44,Q46,Q48,Q50,Q52,Q54,Q56,Q58,Q60,Q91,Q93,Q95,Q97,Q99,Q101,Q103,Q105,Q107,Q109,Q111,Q113,Q115,Q117,Q119,Q121,Q123,Q125,sandia_1_correct,sandia_2_correct,sandia_3_correct,sandia_4_correct,sandia_5_correct,sandia_6_correct,sandia_7_correct,sandia_8_correct,sandia_9_correct,sandia_10_correct,sandia_11_correct,sandia_12_correct,sandia_13_correct,sandia_14_correct,ucmrt_1_correct,ucmrt_2_correct,ucmrt_3_correct,ucmrt_4_correct,ucmrt_5_correct,ucmrt_6_correct,ucmrt_7_correct,ucmrt_8_correct,ucmrt_9_correct,ucmrt_10_correct,ucmrt_11_correct,ucmrt_12_correct,ucmrt_13_correct,ucmrt_14_correct,ucmrt_15_correct,ucmrt_16_correct,ucmrt_17_correct,ucmrt_18_correct
SEP_2_0001,R_1gcNYcVFnoiU792,fall_2018,2018-12-06,2018,2018-2019,fall,93,2018-09-05,2,0.05555555555555555,0.07142857142857142,0.1111111111111111,1,8,1,8,6,7,3,4,4,4,3,2,3,7,5,4,6,5,2,7,7,8,4,2,4,1,3,2,7,3,7,5,0,0,0,0,0,0,0,0,0,0,0,1,0,0,1,0,0,0,0,0,0,0,0,0,0,0,0,0,0,0,0,0
SEP_2_0002,R_qEE7E8WRTtXT3nH,fall_2018,2018-12-06,2018,2018-2019,fall,93,2018-09-05,2,0.2222222222222222,0.7857142857142857,0.8333333333333334,8,5,7,5,8,7,6,7,5,2,7,2,5,3,5,6,5,5,2,5,3,7,5,7,4,7,3,1,7,6,4,6,1,1,1,1,0,0,1,1,1,1,1,1,1,0,1,0,0,0,0,0,0,1,1,0,0,0,0,1,0,0,0,0
SEP_2_0003,R_3jTcvkeagddm43D,fall_2018,2018-12-06,2018,2018-2019,fall,93,2018-09-05,2,0.2222222222222222,0.5,0.6111111111111112,8,5,7,5,6,2,6,6,2,2,7,4,4,8,8,4,6,5,2,7,3,7,3,7,2,6,8,1,7,1,2,2,1,1,1,1,0,0,1,0,0,1,1,0,0,0,0,0,0,0,0,0,0,1,0,0,0,1,0,1,0,1,0,0
SEP_2_0004,R_2D6piMuNPCkJjWI,fall_2018,2018-12-06,2018,2018-2019,fall,93,2018-09-05,2,0.5,0.5,0.8888888888888888,8,5,4,5,5,1,6,6,2,2,7,6,5,7,5,6,8,6,8,3,6,3,3,4,8,6,7,1,7,7,1,3,1,1,0,1,0,0,1,0,0,1,1,0,1,0,1,0,0,1,1,0,1,0,0,0,1,1,1,1,0,0,0,1
SEP_2_0005,R_2zbtTstPPlG64Xn,fall_2018,2018-12-06,2018,2018-2019,fall,93,2018-09-05,2,0.3333333333333333,0.5,0.7222222222222222,8,5,3,5,3,1,2,2,5,2,7,2,3,5,5,2,8,6,1,7,6,3,5,7,1,6,6,2,6,7,6,3,1,1,0,1,0,0,0,0,1,1,1,1,0,0,1,0,0,1,0,0,1,0,1,0,0,1,0,0,0,0,0,1
SEP_2_0006,R_AHD01fLIpTfKql3,fall_2018,2018-12-06,2018,2018-2019,fall,93,2018-09-05,2,0.6111111111111112,0.5714285714285714,1.0555555555555556,8,5,3,5,6,7,6,7,2,2,7,4,5,1,1,6,5,6,8,6,6,7,5,4,8,6,7,1,1,7,5,6,1,1,0,1,0,0,1,1,0,1,1,0,1,0,0,0,0,1,1,0,1,1,1,0,1,1,1,1,1,0,1,0
SEP_2_0007,R_2DM6wf1qTuaVEXy,fall_2018,2018-12-06,2018,2018-2019,fall,93,2018-09-05,2,0.7222222222222222,0.7857142857142857,1.3333333333333333,8,5,7,5,5,3,6,7,5,2,7,2,3,6,8,6,3,6,8,8,6,3,3,4,8,6,7,1,1,1,5,3,1,1,1,1,0,0,1,1,1,1,1,1,0,1,0,0,1,1,1,1,1,0,0,0,1,1,1,1,1,1,1,1
SEP_2_0008,R_2E3FavacBjSIGqF,fall_2018,2018-12-06,2018,2018-2019,fall,93,2018-09-05,2,0.5555555555555556,0.35714285714285715,0.8333333333333334,8,5,4,6,7,6,4,5,6,6,7,6,5,7,1,6,2,6,8,8,6,7,5,6,7,8,7,1,5,7,5,4,1,1,0,0,1,0,0,0,0,0,1,0,1,0,0,0,0,1,1,1,1,1,1,1,0,0,1,1,0,0,1,0
SEP_2_0009,R_s6ZNgSelB650qzL,fall_2018,2018-12-06,2018,2018-2019,fall,93,2018-09-05,2,0.1111111111111111,0.14285714285714285,0.2222222222222222,6,8,3,7,2,8,6,4,7,2,1,8,4,7,6,4,6,8,3,7,1,4,8,1,6,6,1,8,1,7,3,6,0,0,0,0,0,0,1,0,0,1,0,0,0,0,0,0,0,0,0,0,0,0,0,0,0,1,0,0,1,0,0,0
SEP_2_0010,R_3emglxQmMAYPcUO,fall_2018,2018-12-06,2018,2018-2019,fall,93,2018-09-05,2,0.16666666666666666,0.14285714285714285,0.2777777777777778,6,7,4,6,5,7,4,2,7,3,7,8,5,7,5,6,4,7,7,4,7,7,4,7,4,7,7,4,7,3,7,2,0,0,0,0,0,0,0,0,0,0,1,0,1,0,1,0,0,0,0,0,0,1,0,0,0,0,1,0,0,0,0,0
SEP_2_0011,R_1FsM46io104fwc1,fall_2018,2018-12-06,2018,2018-2019,fall,93,2018-09-05,2,0.4444444444444444,0.14285714285714285,0.5555555555555556,6,4,7,2,8,4,6,2,8,7,5,8,6,2,3,8,1,5,8,1,6,1,4,1,8,6,7,1,8,1,8,5,0,0,1,0,0,0,1,0,0,0,0,0,0,0,0,1,0,0,1,0,1,0,0,0,1,1,1,1,0,1,0,0
SEP_2_0012,R_DCQrdCWTxcXtZPb,fall_2018,2018-12-06,2018,2018-2019,fall,93,2018-09-05,2,0.6666666666666666,0.14285714285714285,0.7777777777777778,8,6,2,3,5,6,5,4,3,6,6,8,7,6,5,6,3,6,8,6,6,3,5,4,8,1,7,7,1,1,5,3,1,0,0,0,0,0,0,0,0,0,0,0,0,1,1,0,1,1,1,0,1,0,1,0,1,0,1,0,1,1,1,1
SEP_2_0013,R_pN9D7G7oMyrFMyZ,fall_2018,2018-12-06,2018,2018-2019,fall,93,2018-09-05,2,0.05555555555555555,0.07142857142857142,0.1111111111111111,6,7,5,3,4,6,2,7,2,4,6,8,7,2,7,5,7,3,1,7,3,5,3,5,7,5,7,3,2,8,3,5,0,0,0,0,0,0,0,1,0,0,0,0,0,0,0,0,0,0,0,0,0,0,0,0,0,0,1,0,0,0,0,0
SEP_2_0014,R_2zeXXotNDBVJmXf,fall_2018,2018-12-07,2018,2018-2019,fall,94,2018-09-05,2,0.4444444444444444,0.5714285714285714,0.8888888888888888,8,5,7,5,1,1,6,8,2,2,1,2,3,6,1,6,3,3,8,5,1,3,5,5,8,6,7,2,7,7,5,3,1,1,1,1,0,0,1,0,0,1,0,1,0,1,0,0,1,0,1,0,0,0,1,0,1,1,1,0,0,0,1,1
SEP_2_0015,R_POGUW5IKh4ekEMx,fall_2018,2018-12-07,2018,2018-2019,fall,94,2018-09-05,2,0.16666666666666666,0.42857142857142855,0.5,8,5,3,5,5,5,6,2,2,2,8,4,3,7,8,6,2,5,8,6,1,3,1,4,7,6,8,1,7,7,8,2,1,1,0,1,0,1,1,0,0,1,0,0,0,0,0,0,0,0,1,0,0,0,0,0,0,1,0,1,0,0,0,0
SEP_2_0016,R_2f7NVKp6zLc282j,fall_2018,2018-12-07,2018,2018-2019,fall,94,2018-09-05,2,0.16666666666666666,0.35714285714285715,0.4444444444444444,8,5,7,5,6,8,7,4,4,2,8,3,6,7,5,7,3,7,6,3,7,3,3,6,7,7,3,6,3,6,4,7,1,1,1,1,0,0,0,0,0,1,0,0,0,0,1,0,1,0,0,0,0,0,0,1,0,0,0,0,0,0,0,0
SEP_2_0017,R_1GP9JTAG0YFE0ln,fall_2018,2018-12-07,2018,2018-2019,fall,94,2018-09-05,2,0.4444444444444444,0.42857142857142855,0.7777777777777778,8,8,3,5,6,6,6,1,5,2,7,6,8,4,5,1,8,4,5,8,6,6,5,7,8,1,7,2,1,2,5,8,1,0,0,1,0,0,1,0,1,1,1,0,0,0,1,0,0,0,0,1,1,0,1,0,1,0,1,0,1,0,1,0
SEP_2_0018,R_1hHeDhuFJyXd0MW,fall_2018,2018-12-07,2018,2018-2019,fall,94,2018-09-05,2,0.05555555555555555,0.21428571428571427,0.2222222222222222,8,5,7,4,5,3,7,4,2,8,3,6,2,1,5,7,6,3,6,4,8,5,6,2,5,1,8,3,3,6,4,4,1,1,1,0,0,0,0,0,0,0,0,0,0,0,1,0,0,0,0,0,0,0,0,0,0,0,0,0,0,0,0,0
SEP_2_0019,R_29nLNIVXGRWJ7YA,fall_2018,2018-12-07,2018,2018-2019,fall,94,2018-09-05,2,0,0.2857142857142857,0.2222222222222222,4,5,7,5,2,4,7,5,5,5,4,7,3,1,4,5,8,2,1,5,7,8,2,4,2,8,5,2,3,6,1,6,0,1,1,1,0,0,0,0,1,0,0,0,0,0,0,0,0,0,0,0,0,0,0,0,0,0,0,0,0,0,0,0
SEP_2_0020,R_OO3xS0nOXpejLYR,fall_2018,2018-12-07,2018,2018-2019,fall,94,2018-09-05,2,0.4444444444444444,0.42857142857142855,0.7777777777777778,8,2,4,5,6,2,6,3,2,2,7,3,5,5,5,3,3,6,8,3,8,7,8,4,2,6,7,1,7,3,2,6,1,0,0,1,0,0,1,0,0,1,1,0,1,0,1,0,1,1,1,0,0,1,0,0,0,1,1,1,0,0,0,0
SEP_2_0021,R_23gjwFfiOeg8EaD,fall_2018,2018-12-07,2018,2018-2019,fall,94,2018-09-05,2,0,0.2857142857142857,0.2222222222222222,6,8,7,7,8,7,5,7,7,7,7,8,5,7,4,6,6,8,4,5,2,8,8,8,6,7,8,3,8,7,8,7,0,0,1,0,0,0,0,1,0,0,1,0,1,0,0,0,0,0,0,0,0,0,0,0,0,0,0,0,0,0,0,0
SEP_2_0022,R_1pXAntHtCpFMBXL,fall_2018,2018-12-07,2018,2018-2019,fall,94,2018-09-05,2,0.6666666666666666,0.42857142857142855,1,8,8,7,5,4,3,5,6,5,2,8,2,3,7,5,6,5,6,1,8,6,7,5,7,8,6,7,1,1,1,1,2,1,0,1,1,0,0,0,0,1,1,0,1,0,0,1,0,0,1,0,1,1,1,1,0,1,1,1,1,1,1,0,0
SEP_2_0023,R_3MScrXp4SuuxEsK,fall_2018,2018-12-07,2018,2018-2019,fall,94,2018-09-05,2,0.2777777777777778,0.5,0.6666666666666666,8,5,3,5,5,5,6,8,2,2,7,8,3,3,1,6,5,6,1,5,6,3,3,4,2,4,7,1,1,2,1,5,1,1,0,1,0,1,1,0,0,1,1,0,0,0,0,0,0,1,0,0,1,0,0,0,0,0,1,1,1,0,0,0
SEP_2_0024,R_1pA16agOmNZnavt,fall_2018,2018-12-07,2018,2018-2019,fall,94,2018-09-05,2,0.2222222222222222,0.21428571428571427,0.3888888888888889,8,5,8,4,7,7,8,4,8,6,8,5,4,7,8,6,7,2,8,3,4,3,3,4,7,6,7,2,7,3,8,3,1,1,0,0,1,0,0,0,0,0,0,0,0,0,0,0,0,0,1,0,0,0,0,0,0,1,1,0,0,0,0,1
SEP_2_0025,R_2s5yBTXNXn9m0Wk,fall_2018,2018-12-07,2018,2018-2019,fall,94,2018-09-05,2,0.4444444444444444,0.5,0.8333333333333334,8,5,7,5,2,1,6,7,2,2,8,4,1,8,5,6,1,3,8,5,1,7,1,4,4,6,7,1,1,2,5,6,1,1,1,1,0,0,1,1,0,1,0,0,0,0,1,0,0,0,1,0,0,1,0,0,0,1,1,1,1,0,1,0
SEP_2_0026,R_3DkykBSdfjW8TUv,fall_2018,2018-12-07,2018,2018-2019,fall,94,2018-09-05,2,0.16666666666666666,0.2857142857142857,0.3888888888888889,8,5,4,5,6,2,1,6,5,8,8,7,2,7,4,2,8,7,8,8,1,3,3,4,8,1,8,8,7,3,4,8,1,1,0,1,0,0,0,0,1,0,0,0,0,0,0,0,0,0,1,1,0,0,0,0,1,0,0,0,0,0,0,0
SEP_2_0027,R_1DGNlIyBHr3g5oC,fall_2018,2018-12-07,2018,2018-2019,fall,94,2018-09-05,2,0.16666666666666666,0.35714285714285715,0.4444444444444444,8,5,4,5,7,1,8,6,2,8,8,2,3,2,1,7,8,4,1,1,1,3,1,5,3,6,7,7,2,3,5,6,1,1,0,1,1,0,0,0,0,0,0,1,0,0,0,0,0,0,0,0,0,0,0,0,0,1,1,0,0,0,1,0
SEP_2_0028,R_1FPyVsD1TKbemRf,fall_2018,2018-12-07,2018,2018-2019,fall,94,2018-09-05,2,0.2222222222222222,0.7857142857142857,0.8333333333333334,8,5,7,5,7,5,6,4,6,2,7,2,5,5,1,1,7,2,8,3,5,3,5,7,6,6,7,7,7,7,6,4,1,1,1,1,1,1,1,0,0,1,1,1,1,0,0,0,0,0,1,0,0,0,1,0,0,1,1,0,0,0,0,0
SEP_2_0029,R_3fedY9FA5RYmMQ5,fall_2018,2018-12-07,2018,2018-2019,fall,94,2018-09-05,2,0.3888888888888889,0.5,0.7777777777777778,8,5,6,5,4,8,6,7,2,2,7,4,7,7,1,1,7,4,8,3,6,3,5,4,8,6,7,1,5,7,4,4,1,1,0,1,0,0,1,1,0,1,1,0,0,0,0,0,0,0,1,0,1,0,1,0,1,1,1,1,0,0,0,0
SEP_2_0030,R_30wrY13394lDulD,fall_2018,2018-12-07,2018,2018-2019,fall,94,2018-09-05,2,0.1111111111111111,0.07142857142857142,0.16666666666666666,6,6,7,7,6,7,7,8,7,4,8,6,7,7,6,2,4,3,3,3,3,1,7,1,2,6,4,8,4,3,5,2,0,0,1,0,0,0,0,0,0,0,0,0,0,0,0,0,0,0,0,0,0,0,0,0,0,1,0,0,0,0,1,0
SEP_2_0031,R_31Zsrpri60l87PV,fall_2018,2018-12-07,2018,2018-2019,fall,94,2018-09-05,2,0.5,0.7857142857142857,1.1111111111111112,8,5,2,5,5,6,6,7,5,2,7,2,5,6,1,6,3,5,8,4,6,3,1,4,8,6,7,2,1,7,5,3,1,1,0,1,0,0,1,1,1,1,1,1,1,1,0,0,1,0,1,0,1,0,0,0,1,1,1,0,1,0,1,1
SEP_2_0032,R_1FExdAlFFtJ548c,fall_2018,2018-12-08,2018,2018-2019,fall,95,2018-09-05,2,0.7777777777777778,0.6428571428571429,1.2777777777777777,8,5,8,5,4,2,6,6,5,2,7,2,3,6,5,6,3,6,1,8,6,3,5,4,8,6,7,1,1,1,5,3,1,1,0,1,0,0,1,0,1,1,1,1,0,1,1,0,1,1,0,1,1,0,1,0,1,1,1,1,1,1,1,1
SEP_2_0033,R_yrQt8bPvYryi4rn,fall_2018,2018-12-08,2018,2018-2019,fall,95,2018-09-05,2,0.3333333333333333,0.5714285714285714,0.7777777777777778,8,5,7,5,5,6,6,6,2,2,7,7,5,7,1,2,2,6,8,5,6,3,3,4,2,6,6,1,2,1,4,7,1,1,1,1,0,0,1,0,0,1,1,0,1,0,0,0,0,1,1,0,1,0,0,0,0,1,0,1,0,1,0,0
SEP_2_0034,R_2zD7fCcWjAjte6Z,fall_2018,2018-12-08,2018,2018-2019,fall,95,2018-09-05,2,0.2222222222222222,0.5,0.6111111111111112,8,5,2,5,6,3,6,4,1,2,7,2,4,3,1,6,2,4,5,4,8,3,3,4,8,3,7,1,7,7,6,3,1,1,0,1,0,0,1,0,0,1,1,1,0,0,0,0,0,0,0,0,0,0,0,0,1,0,1,1,0,0,0,1
SEP_2_0035,R_C210OyXrGq0VKI9,fall_2018,2018-12-08,2018,2018-2019,fall,95,2018-09-05,2,0.6111111111111112,0.8571428571428571,1.2777777777777777,8,5,7,5,6,5,6,7,5,2,7,2,5,8,5,6,4,6,8,4,6,7,5,4,8,3,7,1,7,7,5,3,1,1,1,1,0,1,1,1,1,1,1,1,1,0,1,0,0,1,1,0,1,1,1,0,1,0,1,1,0,0,1,1
SEP_2_0036,R_12r0CdwooeUb0bR,fall_2018,2018-12-08,2018,2018-2019,fall,95,2018-09-05,2,0.3888888888888889,0.5714285714285714,0.8333333333333334,8,2,7,5,6,3,6,7,2,2,7,2,3,5,5,6,3,8,1,5,1,7,5,6,5,6,7,2,7,7,3,1,1,0,1,1,0,0,1,1,0,1,1,1,0,0,1,0,1,0,0,0,0,1,1,1,0,1,1,0,0,0,0,0
SEP_2_0037,R_307ePgo5x9aLaJm,fall_2018,2018-12-08,2018,2018-2019,fall,95,2018-09-05,2,0.2777777777777778,0.42857142857142855,0.6111111111111112,5,5,7,5,5,7,1,7,5,8,7,6,1,2,8,3,1,4,1,1,4,7,5,3,2,6,7,5,1,3,7,4,0,1,1,1,0,0,0,1,1,0,1,0,0,0,0,0,0,0,0,0,0,1,1,0,0,1,1,0,1,0,0,0
SEP_2_0038,R_3fkmqZKDynoxJX4,fall_2018,2018-12-08,2018,2018-2019,fall,95,2018-09-05,2,0.3333333333333333,0.42857142857142855,0.6666666666666666,8,5,2,5,6,4,8,1,5,2,8,7,7,6,5,1,2,6,1,2,6,3,3,3,6,6,7,7,7,7,5,6,1,1,0,1,0,0,0,0,1,1,0,0,0,1,1,0,0,1,0,0,1,0,0,0,0,1,1,0,0,0,1,0
SEP_2_0039,R_3EchY7K18weqp6p,fall_2018,2018-12-08,2018,2018-2019,fall,95,2018-09-05,2,0.1111111111111111,0.5714285714285714,0.5555555555555556,8,5,4,5,7,6,6,5,2,7,7,2,5,3,5,7,7,4,4,7,4,3,3,3,8,5,6,2,5,4,2,5,1,1,0,1,1,0,1,0,0,0,1,1,1,0,1,0,0,0,0,0,0,0,0,0,1,0,0,0,0,0,0,0
SEP_2_0040,R_07Wuf0fg0WXaxIl,fall_2018,2018-12-09,2018,2018-2019,fall,96,2018-09-05,2,0.6111111111111112,0.7142857142857143,1.1666666666666667,8,5,7,5,6,6,6,7,2,2,7,2,3,6,5,6,5,6,8,5,6,7,5,4,8,6,1,1,1,7,1,3,1,1,1,1,0,0,1,1,0,1,1,1,0,1,1,0,0,1,1,0,1,1,1,0,1,1,0,1,1,0,0,1
SEP_2_0041,R_3j8p1OWfbi9E5vv,fall_2018,2018-12-09,2018,2018-2019,fall,96,2018-09-05,2,0,0.7142857142857143,0.5555555555555556,8,5,7,5,5,3,6,7,5,2,8,2,2,6,8,7,2,1,4,4,8,8,1,7,7,1,3,2,4,5,8,2,1,1,1,1,0,0,1,1,1,1,0,1,0,1,0,0,0,0,0,0,0,0,0,0,0,0,0,0,0,0,0,0
SEP_2_0042,R_3gvPIOW6Jv2O1mp,fall_2018,2018-12-09,2018,2018-2019,fall,96,2018-09-05,2,0.5,0.6428571428571429,1,8,5,7,5,6,6,6,7,2,2,7,2,3,5,5,6,7,6,8,5,6,7,1,4,8,6,7,1,7,7,6,6,1,1,1,1,0,0,1,1,0,1,1,1,0,0,1,0,0,1,1,0,1,1,0,0,1,1,1,1,0,0,0,0
SEP_2_0043,R_2coWpa6lu7gMb9b,fall_2018,2018-12-09,2018,2018-2019,fall,96,2018-09-05,2,0.5,0.6428571428571429,1,8,4,7,5,7,5,6,4,2,2,7,4,5,5,5,5,2,6,1,3,6,7,5,6,4,6,7,1,7,5,1,1,1,0,1,1,1,1,1,0,0,1,1,0,1,0,1,0,0,1,0,0,1,1,1,1,0,1,1,1,0,0,0,0
SEP_2_0044,R_0oXsSP4UAE4KrK1,fall_2018,2018-12-09,2018,2018-2019,fall,96,2018-09-05,2,0.1111111111111111,0.5,0.5,8,5,1,5,5,1,6,1,6,2,8,2,5,5,1,6,4,6,1,3,4,3,3,7,7,7,7,7,7,2,8,8,1,1,0,1,0,0,1,0,0,1,0,1,1,0,0,0,0,1,0,0,0,0,0,0,0,0,1,0,0,0,0,0
SEP_2_0045,R_Rt7JAgC2eTTBp4t,fall_2018,2018-12-09,2018,2018-2019,fall,96,2018-09-05,2,0.3888888888888889,0.5714285714285714,0.8333333333333334,8,5,7,5,5,7,6,8,5,2,7,5,4,8,5,6,7,5,8,3,6,3,3,4,7,6,7,1,7,7,2,3,1,1,1,1,0,0,1,0,1,1,1,0,0,0,1,0,0,0,1,0,1,0,0,0,0,1,1,1,0,0,0,1
SEP_2_0046,R_qW1bc0IDYhA4cff,fall_2018,2018-12-09,2018,2018-2019,fall,96,2018-09-05,2,0.5,0.5,0.8888888888888888,8,5,7,5,5,1,6,6,2,2,8,2,3,5,5,6,8,6,8,8,6,3,3,6,7,7,7,1,1,3,3,6,1,1,1,1,0,0,1,0,0,1,0,1,0,0,1,0,0,1,1,1,1,0,0,1,0,0,1,1,1,0,0,0
SEP_2_0047,R_wWTgxF7hvzJwry9,fall_2018,2018-12-10,2018,2018-2019,fall,97,2018-09-05,2,0.6111111111111112,0.7142857142857143,1.1666666666666667,8,5,7,5,7,4,6,6,5,2,7,2,4,8,5,8,3,3,8,8,6,7,5,4,8,8,7,1,7,2,1,4,1,1,1,1,1,0,1,0,1,1,1,1,0,0,1,1,1,0,1,1,1,1,1,0,1,0,1,1,0,0,0,0
SEP_2_0048,R_3hsgrrx8tyucwj8,fall_2018,2018-12-10,2018,2018-2019,fall,97,2018-09-05,2,0.2777777777777778,0.35714285714285715,0.5555555555555556,8,5,2,5,5,7,6,2,2,2,4,5,7,3,5,7,2,3,7,4,1,2,3,4,5,6,7,8,1,3,5,7,1,1,0,1,0,0,1,0,0,1,0,0,0,0,1,0,0,0,0,0,0,0,0,0,0,1,1,0,1,0,1,0
SEP_2_0049,R_eXun0cwljjC3G6t,fall_2018,2018-12-10,2018,2018-2019,fall,97,2018-09-05,2,0.2777777777777778,0.35714285714285715,0.5555555555555556,8,5,3,5,5,1,1,5,2,2,7,7,4,2,5,5,2,6,8,4,1,3,5,6,4,4,8,7,7,7,8,4,1,1,0,1,0,0,0,0,0,1,1,0,0,0,1,0,0,1,1,0,0,0,1,1,0,0,0,0,0,0,0,0
SEP_2_0050,R_pDvLnODWMDRuef7,fall_2018,2018-12-10,2018,2018-2019,fall,97,2018-09-05,2,0.2222222222222222,0.35714285714285715,0.5,8,5,5,4,7,1,4,1,2,2,8,5,5,8,5,6,2,4,8,4,1,7,1,4,7,1,1,1,7,7,6,7,1,1,0,0,1,0,0,0,0,1,0,0,1,0,1,0,0,0,1,0,0,1,0,0,0,0,0,1,0,0,0,0
SEP_2_0051,R_3fJIFZ5SnlZ284l,fall_2018,2018-12-10,2018,2018-2019,fall,97,2018-09-05,2,0.7222222222222222,0.7142857142857143,1.2777777777777777,8,5,7,5,5,5,6,6,2,2,7,2,3,6,5,6,3,6,1,8,6,7,5,6,8,7,7,1,7,7,5,3,1,1,1,1,0,1,1,0,0,1,1,1,0,1,1,0,1,1,0,1,1,1,1,1,1,0,1,1,0,0,1,1
SEP_2_0052,R_2tJau2irLpEriKQ,fall_2018,2018-12-10,2018,2018-2019,fall,97,2018-09-05,2,0.2777777777777778,0.5,0.6666666666666666,8,5,2,5,7,5,1,5,2,2,1,7,5,7,8,2,4,6,8,8,8,3,1,4,6,4,7,1,7,4,8,8,1,1,0,1,1,1,0,0,0,1,0,0,1,0,0,0,0,1,1,1,0,0,0,0,0,0,1,1,0,0,0,0
SEP_2_0053,R_3hitqU4C1TRmcvy,fall_2018,2018-12-10,2018,2018-2019,fall,97,2018-09-05,2,0.7222222222222222,0.7142857142857143,1.2777777777777777,8,5,7,5,6,1,6,7,2,2,7,2,5,7,1,6,3,6,8,8,6,7,1,4,8,6,7,1,7,1,5,3,1,1,1,1,0,0,1,1,0,1,1,1,1,0,0,0,1,1,1,1,1,1,0,0,1,1,1,1,0,1,1,1
SEP_2_0054,R_268YPa7BuR0WwBg,fall_2018,2018-12-10,2018,2018-2019,fall,97,2018-09-05,2,0.1111111111111111,0.35714285714285715,0.3888888888888889,8,5,5,4,2,4,8,7,4,2,1,3,5,3,8,6,7,4,7,7,7,3,1,4,8,1,7,7,7,7,3,2,1,1,0,0,0,0,0,1,0,1,0,0,1,0,0,0,0,0,0,0,0,0,0,0,1,0,1,0,0,0,0,0
SEP_2_0055,R_1IFXHpsdFr3WfMv,fall_2018,2018-12-10,2018,2018-2019,fall,97,2018-09-05,2,0.16666666666666666,0.35714285714285715,0.4444444444444444,5,5,8,5,7,1,6,4,2,2,8,3,4,7,5,7,2,3,8,3,3,1,3,8,4,8,4,5,1,3,6,2,0,1,0,1,1,0,1,0,0,1,0,0,0,0,1,0,0,0,1,0,0,0,0,0,0,0,0,0,1,0,0,0
SEP_2_0056,R_CeokkRXSe6YhlkZ,fall_2018,2018-12-10,2018,2018-2019,fall,97,2018-09-05,2,0.2777777777777778,0.42857142857142855,0.6111111111111112,8,5,1,5,3,1,6,4,5,2,8,7,3,5,5,7,6,7,2,3,6,3,5,3,1,6,7,2,7,7,7,8,1,1,0,1,0,0,1,0,1,1,0,0,0,0,1,0,0,0,0,0,1,0,1,0,0,1,1,0,0,0,0,0
SEP_2_0057,R_3dVvVaCIh3sZSV3,fall_2018,2018-12-10,2018,2018-2019,fall,97,2018-09-05,2,0.3333333333333333,0.5,0.7222222222222222,8,5,7,5,5,1,6,2,2,2,8,2,3,8,8,1,1,3,8,3,6,3,3,4,3,6,7,1,7,7,1,3,1,1,1,1,0,0,1,0,0,1,0,1,0,0,0,0,0,0,1,0,1,0,0,0,0,1,1,1,0,0,0,1
SEP_2_0058,R_2ymiII41d299TBF,fall_2018,2018-12-10,2018,2018-2019,fall,97,2018-09-05,2,0.3888888888888889,0.6428571428571429,0.8888888888888888,8,5,7,5,7,2,6,1,2,2,8,2,3,6,5,7,7,1,1,4,6,3,5,4,8,3,7,2,7,3,5,3,1,1,1,1,1,0,1,0,0,1,0,1,0,1,1,0,0,0,0,0,1,0,1,0,1,0,1,0,0,0,1,1
SEP_2_0059,R_2f6W2pknvY2Pgjl,fall_2018,2018-12-10,2018,2018-2019,fall,97,2018-09-05,2,0.2222222222222222,0.35714285714285715,0.5,8,5,8,5,2,7,6,3,8,5,7,5,1,3,8,7,4,8,7,8,1,7,5,4,3,8,7,2,7,3,3,6,1,1,0,1,0,0,1,0,0,0,1,0,0,0,0,0,0,0,0,1,0,1,1,0,0,0,1,0,0,0,0,0
SEP_2_0060,R_DDb8GYltWG2lIPv,fall_2018,2018-12-10,2018,2018-2019,fall,97,2018-09-05,2,0.5555555555555556,0.5,0.9444444444444444,8,5,1,5,7,2,6,6,2,2,7,4,6,7,5,6,5,6,8,3,6,3,5,6,7,1,7,1,5,1,1,3,1,1,0,1,1,0,1,0,0,1,1,0,0,0,1,0,0,1,1,0,1,0,1,1,0,0,1,1,0,1,0,1
SEP_2_0061,R_1I5Y5n231SKuN1b,fall_2018,2018-12-10,2018,2018-2019,fall,97,2018-09-05,2,0.1111111111111111,0.35714285714285715,0.3888888888888889,8,5,4,5,8,2,4,5,3,6,1,4,5,6,2,3,7,4,3,8,5,5,7,4,7,7,4,1,7,2,1,6,1,1,0,1,0,0,0,0,0,0,0,0,1,1,0,0,0,0,0,1,0,0,0,0,0,0,0,1,0,0,0,0
SEP_2_0062,R_sb6MiU1PY1w7JHr,fall_2018,2018-12-10,2018,2018-2019,fall,97,2018-09-05,2,0.16666666666666666,0,0.16666666666666666,4,3,5,2,6,3,3,2,3,3,4,3,4,3,3,2,4,7,4,7,4,8,5,3,4,3,4,7,1,8,5,2,0,0,0,0,0,0,0,0,0,0,0,0,0,0,0,0,0,0,0,0,0,0,1,0,0,0,0,0,1,0,1,0
SEP_2_0063,R_wXe1yvrOrew5OrT,fall_2018,2018-12-10,2018,2018-2019,fall,97,2018-09-05,2,0.6111111111111112,0.5,1,8,5,7,4,6,4,8,7,2,2,7,2,3,5,5,1,8,5,8,8,6,7,5,4,8,6,7,1,7,7,5,6,1,1,1,0,0,0,0,1,0,1,1,1,0,0,1,0,0,0,1,1,1,1,1,0,1,1,1,1,0,0,1,0
SEP_2_0064,R_2yqkcdUGFEiwfkd,fall_2018,2018-12-10,2018,2018-2019,fall,97,2018-09-05,2,0.6666666666666666,0.6428571428571429,1.1666666666666667,8,5,7,5,5,1,6,7,2,2,7,2,4,7,8,6,6,6,8,5,6,7,5,6,8,6,7,1,1,7,2,3,1,1,1,1,0,0,1,1,0,1,1,1,0,0,0,0,0,1,1,0,1,1,1,1,1,1,1,1,1,0,0,1
SEP_2_0065,R_Ahg7Yr17XK0GQTf,fall_2018,2018-12-10,2018,2018-2019,fall,97,2018-09-05,2,0.3333333333333333,0.5,0.7222222222222222,8,5,5,5,1,3,6,5,2,2,7,4,5,7,5,6,4,7,4,3,6,3,5,7,2,6,7,7,1,7,3,6,1,1,0,1,0,0,1,0,0,1,1,0,1,0,1,0,0,0,0,0,1,0,1,0,0,1,1,0,1,0,0,0
SEP_2_0066,R_1LbqlroifKM43xI,fall_2018,2018-12-10,2018,2018-2019,fall,97,2018-09-05,2,0.16666666666666666,0.5714285714285714,0.6111111111111112,7,5,7,5,5,5,6,1,7,2,8,2,5,7,8,5,3,3,5,3,2,3,5,6,7,2,6,3,5,5,6,7,0,1,1,1,0,1,1,0,0,1,0,1,1,0,0,0,1,0,0,0,0,0,1,1,0,0,0,0,0,0,0,0
SEP_2_0067,R_bexKGI2fUhqvmkF,fall_2018,2018-12-11,2018,2018-2019,fall,98,2018-09-05,2,0.2777777777777778,0.5,0.6666666666666666,8,5,7,5,5,5,6,6,2,2,8,1,7,5,5,6,1,6,2,8,3,3,2,4,8,6,1,2,7,7,6,2,1,1,1,1,0,1,1,0,0,1,0,0,0,0,1,0,0,1,0,1,0,0,0,0,1,1,0,0,0,0,0,0
SEP_2_0068,R_31Yj1a0RHL9nFCL,fall_2018,2018-12-11,2018,2018-2019,fall,98,2018-09-05,2,0.3333333333333333,0.42857142857142855,0.6666666666666666,8,5,2,5,6,7,6,8,4,2,8,2,8,3,2,8,7,3,4,3,1,7,3,4,7,6,7,1,7,1,3,2,1,1,0,1,0,0,1,0,0,1,0,1,0,0,0,1,0,0,0,0,0,1,0,0,0,1,1,1,0,1,0,0
SEP_2_0069,R_D2jNRndCqOeBlS1,fall_2018,2018-12-11,2018,2018-2019,fall,98,2018-09-05,2,0.05555555555555555,0.14285714285714285,0.16666666666666666,3,2,4,4,5,5,3,5,6,3,4,2,4,2,6,5,5,1,5,6,7,4,7,4,7,6,5,3,3,7,7,4,0,0,0,0,0,1,0,0,0,0,0,1,0,0,0,0,0,0,0,0,0,0,0,0,0,1,0,0,0,0,0,0
SEP_2_0070,R_1QbhQA9avefirYJ,fall_2018,2018-12-11,2018,2018-2019,fall,98,2018-09-05,2,0.2222222222222222,0.2857142857142857,0.4444444444444444,8,5,1,4,7,3,8,2,5,6,1,7,4,8,3,7,3,1,7,2,8,1,4,6,4,2,5,3,1,8,5,2,1,1,0,0,1,0,0,0,1,0,0,0,0,0,0,0,1,0,0,0,0,0,0,1,0,0,0,0,1,0,1,0
SEP_2_0071,R_2rqjSjxsaYujBT9,fall_2018,2018-12-11,2018,2018-2019,fall,98,2018-09-05,2,0.2222222222222222,0.2857142857142857,0.4444444444444444,8,5,5,6,7,6,5,4,5,5,5,5,4,4,7,8,3,6,4,2,3,4,3,4,7,4,3,6,3,6,3,3,1,1,0,0,1,0,0,0,1,0,0,0,0,0,0,1,1,1,0,0,0,0,0,0,0,0,0,0,0,0,0,1
SEP_2_0072,R_26b7NWxGmaRPTKC,fall_2018,2018-12-11,2018,2018-2019,fall,98,2018-09-05,2,0.4444444444444444,0.6428571428571429,0.9444444444444444,8,5,7,5,1,6,6,6,5,2,7,2,3,7,5,6,3,4,7,4,6,3,5,4,1,6,7,1,7,7,8,3,1,1,1,1,0,0,1,0,1,1,1,1,0,0,1,0,1,0,0,0,1,0,1,0,0,1,1,1,0,0,0,1
SEP_2_0073,R_Zz7DvJyyZmaeTfP,fall_2018,2018-12-11,2018,2018-2019,fall,98,2018-09-05,2,0.2777777777777778,0.42857142857142855,0.6111111111111112,8,5,4,5,5,3,6,4,5,8,8,2,3,5,8,5,3,4,8,5,6,3,3,6,4,1,7,2,7,7,3,6,1,1,0,1,0,0,1,0,1,0,0,1,0,0,0,0,1,0,1,0,1,0,0,1,0,0,1,0,0,0,0,0
SEP_2_0074,R_3flBa14a36P6cUZ,fall_2018,2018-12-11,2018,2018-2019,fall,98,2018-09-05,2,0.7222222222222222,0.7857142857142857,1.3333333333333333,8,5,7,5,7,6,6,6,5,2,7,2,3,6,5,6,3,6,8,8,6,7,1,7,8,6,7,1,8,1,8,3,1,1,1,1,1,0,1,0,1,1,1,1,0,1,1,0,1,1,1,1,1,1,0,0,1,1,1,1,0,1,0,1
SEP_2_0075,R_d5s8PfEKq0MA4wN,fall_2018,2018-12-11,2018,2018-2019,fall,98,2018-09-05,2,0.1111111111111111,0.2857142857142857,0.3333333333333333,4,5,5,1,6,8,6,3,5,8,2,3,5,4,5,6,2,8,8,3,5,8,3,2,7,3,1,8,5,4,2,7,0,1,0,0,0,0,1,0,1,0,0,0,1,0,1,0,0,0,1,0,0,0,0,0,0,0,0,0,0,0,0,0
SEP_2_0076,R_2a8Z8BImvznXVXx,fall_2018,2018-12-11,2018,2018-2019,fall,98,2018-09-05,2,0.3333333333333333,0.35714285714285715,0.6111111111111112,8,5,4,5,6,6,6,4,8,2,1,3,7,8,1,7,2,6,8,3,6,3,5,6,1,1,6,2,7,7,5,8,1,1,0,1,0,0,1,0,0,1,0,0,0,0,0,0,0,1,1,0,1,0,1,1,0,0,0,0,0,0,1,0
SEP_2_0077,R_UzNTUH4COdpz1kJ,fall_2018,2018-12-11,2018,2018-2019,fall,98,2018-09-05,2,0.6666666666666666,0.5714285714285714,1.1111111111111112,8,5,7,5,6,2,6,5,2,2,7,2,3,7,5,6,3,3,8,8,6,3,5,4,8,6,7,7,1,7,5,3,1,1,1,1,0,0,1,0,0,1,1,1,0,0,1,0,1,0,1,1,1,0,1,0,1,1,1,0,1,0,1,1
SEP_2_0078,R_1jpqMWNke2Y1Qqa,fall_2018,2018-12-11,2018,2018-2019,fall,98,2018-09-05,2,0.5,0.5,0.8888888888888888,8,5,5,5,7,4,6,6,2,2,8,5,5,7,5,6,4,6,8,7,6,7,5,4,3,8,7,2,1,7,5,6,1,1,0,1,1,0,1,0,0,1,0,0,1,0,1,0,0,1,1,0,1,1,1,0,0,0,1,0,1,0,1,0
SEP_2_0079,R_3KuQamZw4njRrSn,fall_2018,2018-12-11,2018,2018-2019,fall,98,2018-09-05,2,0.1111111111111111,0.5714285714285714,0.5555555555555556,8,5,3,5,7,6,6,3,1,2,8,2,3,6,5,6,7,6,3,3,7,3,1,1,3,4,1,2,8,3,7,5,1,1,0,1,1,0,1,0,0,1,0,1,0,1,1,0,0,1,0,0,0,0,0,0,0,0,0,0,0,0,0,0
SEP_2_0080,R_5zJxfsnXkvdeFIl,fall_2018,2018-12-11,2018,2018-2019,fall,98,2018-09-05,2,0.4444444444444444,0.5,0.8333333333333334,8,5,7,5,6,3,6,1,4,2,7,5,3,7,5,6,7,6,8,3,3,3,5,6,6,3,7,1,1,7,8,8,1,1,1,1,0,0,1,0,0,1,1,0,0,0,1,0,0,1,1,0,0,0,1,1,0,0,1,1,1,0,0,0
SEP_2_0081,R_3qqVHxPsK6ZNNdY,fall_2018,2018-12-11,2018,2018-2019,fall,98,2018-09-05,2,0.1111111111111111,0.2857142857142857,0.3333333333333333,5,5,5,5,5,5,5,5,5,5,5,5,3,7,2,3,8,7,8,4,5,1,6,8,7,7,2,7,8,4,5,4,0,1,0,1,0,1,0,0,1,0,0,0,0,0,0,0,0,0,1,0,0,0,0,0,0,0,0,0,0,0,1,0
SEP_2_0082,R_2ZWG4UXQQaEPDiz,fall_2018,2018-12-11,2018,2018-2019,fall,98,2018-09-05,2,0.16666666666666666,0.5,0.5555555555555556,8,5,7,5,1,2,5,1,5,2,7,4,8,3,8,7,8,3,5,7,3,1,1,6,6,8,6,1,5,8,3,3,1,1,1,1,0,0,0,0,1,1,1,0,0,0,0,0,0,0,0,0,0,0,0,1,0,0,0,1,0,0,0,1
SEP_2_0083,R_21mm5SsguSKIhRU,fall_2018,2018-12-11,2018,2018-2019,fall,98,2018-09-05,2,0.16666666666666666,0.35714285714285715,0.4444444444444444,6,5,1,5,7,3,6,4,2,2,8,3,4,5,5,7,2,4,1,4,3,3,1,6,7,4,8,1,4,7,7,2,0,1,0,1,1,0,1,0,0,1,0,0,0,0,1,0,0,0,0,0,0,0,0,1,0,0,0,1,0,0,0,0
SEP_2_0084,R_2QPUXSZ1778ToCo,fall_2018,2018-12-11,2018,2018-2019,fall,98,2018-09-05,2,0.2777777777777778,0.35714285714285715,0.5555555555555556,5,5,1,2,5,1,6,4,5,2,7,4,8,7,1,2,4,3,7,8,6,8,3,6,4,8,8,7,7,1,5,8,0,1,0,0,0,0,1,0,1,1,1,0,0,0,0,0,0,0,0,1,1,0,0,1,0,0,0,0,0,1,1,0
SEP_2_0085,R_9QrVwKTzO88H74B,fall_2018,2018-12-11,2018,2018-2019,fall,98,2018-09-05,2,0.7222222222222222,0.5,1.1111111111111112,8,5,3,5,1,6,6,6,2,2,8,2,5,8,5,6,3,6,1,8,6,3,1,4,8,6,7,1,1,1,5,3,1,1,0,1,0,0,1,0,0,1,0,1,1,0,1,0,1,1,0,1,1,0,0,0,1,1,1,1,1,1,1,1
SEP_2_0086,R_3g7nSaOSDGzS56a,fall_2018,2018-12-11,2018,2018-2019,fall,98,2018-09-05,2,0.4444444444444444,0.42857142857142855,0.7777777777777778,8,5,4,5,6,4,6,1,2,2,7,3,4,5,1,2,2,3,8,5,6,7,5,4,8,7,7,1,7,7,3,3,1,1,0,1,0,0,1,0,0,1,1,0,0,0,0,0,0,0,1,0,1,1,1,0,1,0,1,1,0,0,0,1
SEP_2_0087,R_8v6WZJhE4wd59iV,fall_2018,2018-12-11,2018,2018-2019,fall,98,2018-09-05,2,0.2222222222222222,0.42857142857142855,0.5555555555555556,8,5,6,4,2,1,8,8,1,2,8,2,5,6,8,6,4,2,8,5,3,7,1,7,8,1,7,2,7,6,3,6,1,1,0,0,0,0,0,0,0,1,0,1,1,1,0,0,0,0,1,0,0,1,0,0,1,0,1,0,0,0,0,0
SEP_2_0088,R_11YjQDbbIrBry2D,fall_2018,2018-12-11,2018,2018-2019,fall,98,2018-09-05,2,0.8333333333333334,0.5,1.2222222222222223,8,5,7,5,6,6,6,6,2,2,8,2,3,5,5,6,3,6,1,8,6,7,1,6,8,6,7,1,1,1,5,3,1,1,1,1,0,0,1,0,0,1,0,1,0,0,1,0,1,1,0,1,1,1,0,1,1,1,1,1,1,1,1,1
SEP_2_0089,R_OscFzMi9yIFNoXL,fall_2018,2018-12-11,2018,2018-2019,fall,98,2018-09-05,2,0.16666666666666666,0.07142857142857142,0.2222222222222222,6,8,8,7,5,7,8,8,3,5,2,2,3,5,5,2,8,7,6,5,8,3,8,8,3,4,8,8,1,7,5,1,0,0,0,0,0,0,0,0,0,0,0,1,0,0,1,0,0,0,0,0,0,0,0,0,0,0,0,0,1,0,1,0
SEP_2_0090,R_30jjwMQOh95b4NN,fall_2018,2018-12-11,2018,2018-2019,fall,98,2018-09-05,2,0.9444444444444444,0.5714285714285714,1.3888888888888888,8,5,5,5,5,6,6,6,2,2,7,2,3,6,5,8,3,6,8,8,6,7,5,6,8,6,7,1,1,7,5,3,1,1,0,1,0,0,1,0,0,1,1,1,0,1,1,1,1,1,1,1,1,1,1,1,1,1,1,1,1,0,1,1
SEP_2_0091,R_1nUCHTnu4iL5vKf,fall_2018,2018-12-12,2018,2018-2019,fall,99,2018-09-05,2,0.8888888888888888,0.9285714285714286,1.6111111111111112,8,5,7,5,5,5,6,7,5,2,7,2,5,6,5,6,3,6,8,8,6,7,5,6,8,6,7,1,1,7,5,3,1,1,1,1,0,1,1,1,1,1,1,1,1,1,1,0,1,1,1,1,1,1,1,1,1,1,1,1,1,0,1,1
SEP_2_0092,R_2TREMAU4jBhzenj,fall_2018,2018-12-12,2018,2018-2019,fall,99,2018-09-05,2,0.4444444444444444,0.42857142857142855,0.7777777777777778,8,5,1,4,6,2,8,7,2,2,7,2,3,3,5,6,7,6,5,8,6,3,5,4,8,1,7,1,4,6,8,8,1,1,0,0,0,0,0,1,0,1,1,1,0,0,1,0,0,1,0,1,1,0,1,0,1,0,1,1,0,0,0,0
SEP_2_0093,R_RENB1jHwYHIcn4d,fall_2018,2018-12-12,2018,2018-2019,fall,99,2018-09-05,2,0.16666666666666666,0,0.16666666666666666,6,6,4,8,5,1,2,4,6,7,8,5,7,7,7,8,5,5,2,4,3,8,2,8,5,2,4,3,8,1,8,3,0,0,0,0,0,0,0,0,0,0,0,0,0,0,0,1,0,0,0,0,0,0,0,0,0,0,0,0,0,1,0,1
SEP_2_0094,R_2Y3VKsY4mDiF94m,fall_2018,2018-12-13,2018,2018-2019,fall,100,2018-09-05,2,0.16666666666666666,0.14285714285714285,0.2777777777777778,8,6,3,6,1,4,5,3,8,5,6,2,6,5,1,7,2,4,3,3,6,3,1,4,6,4,7,2,7,7,5,7,1,0,0,0,0,0,0,0,0,0,0,1,0,0,0,0,0,0,0,0,1,0,0,0,0,0,1,0,0,0,1,0
SEP_2_0095,R_2QiagHB1i2e9pUJ,fall_2018,2018-12-13,2018,2018-2019,fall,100,2018-09-05,2,0.1111111111111111,0.5,0.5,8,5,4,5,7,4,6,3,1,2,4,7,2,6,4,6,3,7,3,8,7,5,6,2,2,1,3,2,4,6,8,2,1,1,0,1,1,0,1,0,0,1,0,0,0,1,0,0,1,0,0,1,0,0,0,0,0,0,0,0,0,0,0,0
SEP_2_0096,R_2ZJNeYGPhkM6VYh,spring_2019,2019-01-28,2019,2018-2019,spring,7,2019-01-22,2,0.6666666666666666,0.6428571428571429,1.1666666666666667,8,5,7,5,6,1,6,7,2,2,7,4,2,6,5,6,3,5,8,5,6,7,5,7,7,6,7,1,1,1,3,3,1,1,1,1,0,0,1,1,0,1,1,0,0,1,1,0,1,0,1,0,1,1,1,0,0,1,1,1,1,1,0,1
SEP_2_0097,R_Y3t1VggNy6mxqKZ,spring_2019,2019-01-28,2019,2018-2019,spring,7,2019-01-22,2,0.8333333333333334,0.5714285714285714,1.2777777777777777,8,5,7,5,5,8,8,7,2,2,7,7,3,6,5,6,3,6,8,8,6,7,5,6,8,3,7,1,1,1,5,6,1,1,1,1,0,0,0,1,0,1,1,0,0,1,1,0,1,1,1,1,1,1,1,1,1,0,1,1,1,1,1,0
SEP_2_0098,R_10TRpoNektvdJbL,spring_2019,2019-01-28,2019,2018-2019,spring,7,2019-01-22,2,0.3888888888888889,0.5,0.7777777777777778,8,5,4,5,6,7,6,4,2,2,7,6,3,6,2,1,8,5,8,5,6,7,1,7,8,5,7,1,7,7,5,4,1,1,0,1,0,0,1,0,0,1,1,0,0,1,0,0,0,0,1,0,1,1,0,0,1,0,1,1,0,0,1,0
SEP_2_0099,R_cTsNYwnpcnoBT2h,spring_2019,2019-01-28,2019,2018-2019,spring,7,2019-01-22,2,0.16666666666666666,0.42857142857142855,0.5,8,5,3,5,7,6,5,5,3,2,1,2,3,7,8,4,1,3,8,3,3,1,5,3,1,8,7,6,8,7,8,8,1,1,0,1,1,0,0,0,0,1,0,1,0,0,0,0,0,0,1,0,0,0,1,0,0,0,1,0,0,0,0,0
SEP_2_0100,R_2VpEaMDBAbpOv3e,spring_2019,2019-01-29,2019,2018-2019,spring,8,2019-01-22,2,0.1111111111111111,0.42857142857142855,0.4444444444444444,8,5,4,5,5,3,6,1,2,2,7,6,2,3,1,1,2,8,1,4,1,3,3,7,4,6,8,1,7,7,3,2,1,1,0,1,0,0,1,0,0,1,1,0,0,0,0,0,0,0,0,0,0,0,0,0,0,1,0,1,0,0,0,0
SEP_2_0101,R_2hJwbCrQccvOSQh,spring_2019,2019-01-29,2019,2018-2019,spring,8,2019-01-22,2,0.7222222222222222,0.8571428571428571,1.3888888888888888,7,5,7,5,5,5,6,7,5,2,7,2,5,6,5,6,3,3,1,8,6,7,5,4,8,6,7,1,1,7,5,3,0,1,1,1,0,1,1,1,1,1,1,1,1,1,1,0,1,0,0,1,1,1,1,0,1,1,1,1,1,0,1,1
SEP_2_0102,R_9pk6XJKAUgblnVL,spring_2019,2019-01-29,2019,2018-2019,spring,8,2019-01-22,2,0.5,0.5714285714285714,0.9444444444444444,8,5,7,5,5,5,6,4,7,5,7,2,3,2,5,6,5,3,5,3,6,7,1,4,8,6,7,1,1,1,1,4,1,1,1,1,0,1,1,0,0,0,1,1,0,0,1,0,0,0,0,0,1,1,0,0,1,1,1,1,1,1,0,0
SEP_2_0103,R_1mVO4sue9dIdGSQ,spring_2019,2019-01-29,2019,2018-2019,spring,8,2019-01-22,2,0.2777777777777778,0.35714285714285715,0.5555555555555556,8,5,4,6,7,1,6,7,1,6,8,4,3,8,5,1,2,6,1,3,6,3,5,3,7,7,7,2,7,7,7,6,1,1,0,0,1,0,1,1,0,0,0,0,0,0,1,0,0,1,0,0,1,0,1,0,0,0,1,0,0,0,0,0
SEP_2_0104,R_2QxsKgPtCDnTxMd,spring_2019,2019-01-29,2019,2018-2019,spring,8,2019-01-22,2,0.3888888888888889,0.5,0.7777777777777778,8,5,7,5,6,1,6,4,2,2,7,6,3,1,5,6,2,5,8,4,6,7,5,4,2,3,7,1,7,7,1,6,1,1,1,1,0,0,1,0,0,1,1,0,0,0,1,0,0,0,1,0,1,1,1,0,0,0,1,1,0,0,0,0
SEP_2_0105,R_3NVZXvMR4TEgkvI,spring_2019,2019-01-29,2019,2018-2019,spring,8,2019-01-22,2,0.2222222222222222,0.35714285714285715,0.5,8,7,2,5,7,1,8,7,2,2,8,7,2,7,5,6,2,7,7,4,8,3,3,3,4,1,7,2,7,1,8,3,1,0,0,1,1,0,0,1,0,1,0,0,0,0,1,0,0,0,0,0,0,0,0,0,0,0,1,0,0,1,0,1
SEP_2_0106,R_3n96gBNWzjx0RfI,spring_2019,2019-01-29,2019,2018-2019,spring,8,2019-01-22,2,0.2777777777777778,0.42857142857142855,0.6111111111111112,8,5,5,5,5,5,6,6,2,2,8,5,4,4,1,6,3,2,8,5,3,7,5,4,3,6,5,7,4,3,3,7,1,1,0,1,0,1,1,0,0,1,0,0,0,0,0,0,1,0,1,0,0,1,1,0,0,1,0,0,0,0,0,0
SEP_2_0107,R_2EfYjzStdYEYsyH,spring_2019,2019-01-29,2019,2018-2019,spring,8,2019-01-22,2,0.6111111111111112,0.7142857142857143,1.1666666666666667,8,5,2,5,7,6,6,7,2,2,7,2,5,1,7,6,3,5,8,8,6,3,5,4,8,7,7,1,1,7,5,3,1,1,0,1,1,0,1,1,0,1,1,1,1,0,0,0,1,0,1,1,1,0,1,0,1,0,1,1,1,0,1,1
SEP_2_0108,R_31vm8SchsyKIfAZ,spring_2019,2019-01-30,2019,2018-2019,spring,9,2019-01-22,2,0.6111111111111112,0.7142857142857143,1.1666666666666667,8,5,7,5,6,6,6,7,2,2,7,2,4,6,5,6,1,5,8,8,6,3,3,7,8,6,7,1,1,1,1,3,1,1,1,1,0,0,1,1,0,1,1,1,0,1,1,0,0,0,1,1,1,0,0,0,1,1,1,1,1,1,0,1
SEP_2_0109,R_1FeuHVSRiwkiKuI,spring_2019,2019-01-30,2019,2018-2019,spring,9,2019-01-22,2,0.3888888888888889,0.35714285714285715,0.6666666666666666,8,5,4,5,6,6,8,4,2,2,7,7,4,7,5,6,2,5,8,8,1,3,5,7,8,8,1,1,7,1,3,6,1,1,0,1,0,0,0,0,0,1,1,0,0,0,1,0,0,0,1,1,0,0,1,0,1,0,0,1,0,1,0,0
SEP_2_0110,R_1gucMHPQ2UCw9Dw,spring_2019,2019-01-30,2019,2018-2019,spring,9,2019-01-22,2,0.7777777777777778,0.5,1.1666666666666667,8,5,7,5,6,6,1,4,2,2,7,2,3,7,5,6,3,6,1,8,6,3,5,3,8,6,7,1,1,1,5,3,1,1,1,1,0,0,0,0,0,1,1,1,0,0,1,0,1,1,0,1,1,0,1,0,1,1,1,1,1,1,1,1
SEP_2_0111,R_2zwkdyM8iUdQ1oG,spring_2019,2019-01-30,2019,2018-2019,spring,9,2019-01-22,2,0.6111111111111112,0.7142857142857143,1.1666666666666667,8,5,1,5,1,5,6,7,2,2,7,2,2,6,8,6,2,6,8,8,6,7,5,4,8,6,7,1,7,7,5,6,1,1,0,1,0,1,1,1,0,1,1,1,0,1,0,0,0,1,1,1,1,1,1,0,1,1,1,1,0,0,1,0
SEP_2_0112,R_2AElzEPXFhfdmCQ,spring_2019,2019-02-01,2019,2018-2019,spring,11,2019-01-22,2,0.2777777777777778,0.42857142857142855,0.6111111111111112,8,5,7,5,5,6,8,4,2,2,8,5,5,3,8,1,2,6,8,5,7,4,6,8,3,6,7,5,7,8,1,3,1,1,1,1,0,0,0,0,0,1,0,0,1,0,0,0,0,1,1,0,0,0,0,0,0,1,1,0,0,0,0,1
SEP_2_0113,R_2BqYyPCUn9dwQm2,spring_2019,2019-02-01,2019,2018-2019,spring,11,2019-01-22,2,0.8333333333333334,0.7857142857142857,1.4444444444444444,8,5,7,5,5,4,6,7,2,2,7,2,5,6,5,6,3,6,8,8,6,7,5,4,8,6,6,1,1,1,5,3,1,1,1,1,0,0,1,1,0,1,1,1,1,1,1,0,1,1,1,1,1,1,1,0,1,1,0,1,1,1,1,1
SEP_2_0114,R_10OeSq15jNqkzcz,spring_2019,2019-02-01,2019,2018-2019,spring,11,2019-01-22,2,0.7777777777777778,0.9285714285714286,1.5,8,5,7,5,5,5,6,7,5,2,7,2,5,6,5,6,3,6,8,8,6,7,3,4,8,6,7,1,1,7,5,3,1,1,1,1,0,1,1,1,1,1,1,1,1,1,1,0,1,1,1,1,1,1,0,0,1,1,1,1,1,0,1,1
SEP_2_0115,R_4Uf875DWsu9kCaJ,spring_2019,2019-02-03,2019,2018-2019,spring,13,2019-01-22,2,0.2777777777777778,0.42857142857142855,0.6111111111111112,8,5,6,5,7,7,4,7,2,8,1,7,5,3,1,6,5,6,7,5,6,3,1,3,8,6,6,7,7,1,1,1,1,1,0,1,1,0,0,1,0,0,0,0,1,0,0,0,0,1,0,0,1,0,0,0,1,1,0,0,0,1,0,0
SEP_2_0116,R_2CJRbcAMfY5C7Lj,spring_2019,2019-02-03,2019,2018-2019,spring,13,2019-01-22,2,0.2777777777777778,0.35714285714285715,0.5555555555555556,8,5,5,5,5,3,6,4,2,2,3,6,6,3,1,1,2,3,8,4,6,3,3,7,4,6,1,1,7,1,4,4,1,1,0,1,0,0,1,0,0,1,0,0,0,0,0,0,0,0,1,0,1,0,0,0,0,1,0,1,0,1,0,0
SEP_2_0117,R_1DRRbgTBq44Vmdn,spring_2019,2019-02-03,2019,2018-2019,spring,13,2019-01-22,2,0.1111111111111111,0.42857142857142855,0.4444444444444444,6,5,7,5,5,5,6,4,6,8,4,5,5,3,5,8,2,4,3,6,2,4,2,3,5,7,4,7,4,8,4,2,0,1,1,1,0,1,1,0,0,0,0,0,1,0,1,1,0,0,0,0,0,0,0,0,0,0,0,0,0,0,0,0
SEP_2_0118,R_3kHcmA3aj9p6VYO,spring_2019,2019-02-03,2019,2018-2019,spring,13,2019-01-22,2,0.7222222222222222,0.8571428571428571,1.3888888888888888,8,5,7,5,5,5,6,7,5,2,7,2,3,6,7,6,3,6,8,8,6,7,1,7,8,6,7,1,1,7,5,3,1,1,1,1,0,1,1,1,1,1,1,1,0,1,0,0,1,1,1,1,1,1,0,0,1,1,1,1,1,0,1,1
SEP_2_0119,R_3Hn1fvXy0NTVRTh,spring_2019,2019-02-03,2019,2018-2019,spring,13,2019-01-22,2,0.3888888888888889,0.5,0.7777777777777778,8,5,1,5,5,1,6,6,2,2,7,2,2,7,8,6,7,3,8,3,6,7,1,6,7,6,7,4,7,7,4,3,1,1,0,1,0,0,1,0,0,1,1,1,0,0,0,0,0,0,1,0,1,1,0,1,0,1,1,0,0,0,0,1
SEP_2_0120,R_28OENtJfc6wLn5n,spring_2019,2019-02-03,2019,2018-2019,spring,13,2019-01-22,2,0.5555555555555556,0.5,0.9444444444444444,8,5,7,5,4,6,6,6,1,2,7,8,8,5,8,6,7,3,8,8,6,7,5,6,8,6,1,1,5,7,4,3,1,1,1,1,0,0,1,0,0,1,1,0,0,0,0,0,0,0,1,1,1,1,1,1,1,1,0,1,0,0,0,1
SEP_2_0121,R_1CJYwZYpaJDxJNr,spring_2019,2019-02-04,2019,2018-2019,spring,14,2019-01-22,2,0.3333333333333333,0.35714285714285715,0.6111111111111112,8,5,8,6,5,7,6,8,2,2,7,3,4,5,5,4,7,5,8,3,6,3,3,7,8,1,7,1,7,7,8,6,1,1,0,0,0,0,1,0,0,1,1,0,0,0,1,0,0,0,1,0,1,0,0,0,1,0,1,1,0,0,0,0
SEP_2_0122,R_1DHJ1COw5iiSzo4,spring_2019,2019-02-04,2019,2018-2019,spring,14,2019-01-22,2,0.3888888888888889,0.7142857142857143,0.9444444444444444,8,5,7,5,7,5,4,7,2,2,7,2,2,7,5,6,7,6,8,3,6,3,5,4,5,7,1,1,5,7,5,6,1,1,1,1,1,1,0,1,0,1,1,1,0,0,1,0,0,1,1,0,1,0,1,0,0,0,0,1,0,0,1,0
SEP_2_0123,R_2v0Wf9OF8Qi3HWE,spring_2019,2019-02-04,2019,2018-2019,spring,14,2019-01-22,2,0.6666666666666666,0.7142857142857143,1.2222222222222223,8,5,7,5,5,6,6,1,5,2,7,2,3,6,5,6,3,6,1,8,1,7,5,4,8,7,7,1,1,7,5,3,1,1,1,1,0,0,1,0,1,1,1,1,0,1,1,0,1,1,0,1,0,1,1,0,1,0,1,1,1,0,1,1
SEP_2_0124,R_1DpVnOXLsAKsCRf,spring_2019,2019-02-04,2019,2018-2019,spring,14,2019-01-22,2,0.6111111111111112,0.42857142857142855,0.9444444444444444,8,5,2,5,1,5,6,5,2,2,1,4,4,7,5,6,4,6,8,5,6,3,5,6,8,6,1,2,1,1,5,6,1,1,0,1,0,1,1,0,0,1,0,0,0,0,1,0,0,1,1,0,1,0,1,1,1,1,0,0,1,1,1,0
SEP_2_0125,R_SOZIiFZNrxNooPT,spring_2019,2019-02-04,2019,2018-2019,spring,14,2019-01-22,2,0.5555555555555556,0.6428571428571429,1.0555555555555556,8,5,3,5,6,5,6,7,5,2,7,5,1,5,5,8,3,6,8,8,6,3,3,4,3,6,7,1,7,7,3,6,1,1,0,1,0,1,1,1,1,1,1,0,0,0,1,1,1,1,1,1,1,0,0,0,0,1,1,1,0,0,0,0
SEP_2_0126,R_2A0vb7H1ssmbZNU,spring_2019,2019-02-05,2019,2018-2019,spring,15,2019-01-22,2,0.7777777777777778,0.5714285714285714,1.2222222222222223,8,5,6,5,7,2,6,6,2,2,8,2,3,6,5,6,3,6,8,8,6,3,3,4,8,6,7,1,1,1,5,3,1,1,0,1,1,0,1,0,0,1,0,1,0,1,1,0,1,1,1,1,1,0,0,0,1,1,1,1,1,1,1,1
SEP_2_0127,R_Xh17l07sAdjA9QR,spring_2019,2019-02-05,2019,2018-2019,spring,15,2019-01-22,2,0.3333333333333333,0.21428571428571427,0.5,6,5,1,4,4,8,4,4,6,2,7,7,4,5,8,1,2,5,8,4,6,3,5,4,4,5,7,1,7,7,8,3,0,1,0,0,0,0,0,0,0,1,1,0,0,0,0,0,0,0,1,0,1,0,1,0,0,0,1,1,0,0,0,1
SEP_2_0128,R_2CV4zDX1zsCme1r,spring_2019,2019-02-05,2019,2018-2019,spring,15,2019-01-22,2,0.2777777777777778,0.5714285714285714,0.7222222222222222,8,5,3,5,6,3,6,7,5,2,7,5,3,7,5,6,6,6,5,5,3,3,5,4,8,4,4,7,5,7,5,7,1,1,0,1,0,0,1,1,1,1,1,0,0,0,1,0,0,1,0,0,0,0,1,0,1,0,0,0,0,0,1,0
SEP_2_0129,R_2dH18VcdqFNpXWj,spring_2019,2019-02-05,2019,2018-2019,spring,15,2019-01-22,2,0.3888888888888889,0.42857142857142855,0.7222222222222222,8,5,3,4,6,2,6,7,2,2,7,5,7,5,5,6,3,3,2,4,6,7,5,4,5,5,7,2,7,1,8,4,1,1,0,0,0,0,1,1,0,1,1,0,0,0,1,0,1,0,0,0,1,1,1,0,0,0,1,0,0,1,0,0
SEP_2_0130,R_BXKhZf5PT0jEYOB,spring_2019,2019-02-05,2019,2018-2019,spring,15,2019-01-22,2,0.3333333333333333,0.42857142857142855,0.6666666666666666,8,8,5,5,1,1,6,2,2,2,7,5,5,5,8,6,8,4,2,6,1,3,3,4,7,6,7,1,1,7,5,3,1,0,0,1,0,0,1,0,0,1,1,0,1,0,0,0,0,0,0,0,0,0,0,0,0,1,1,1,1,0,1,1
SEP_2_0131,R_0qTuQaTV5xrCtbz,spring_2019,2019-02-05,2019,2018-2019,spring,15,2019-01-22,2,0.3333333333333333,0.5714285714285714,0.7777777777777778,8,5,6,5,7,1,6,4,5,2,8,2,3,4,5,4,2,4,8,4,1,7,5,3,7,2,7,4,7,6,5,7,1,1,0,1,1,0,1,0,1,1,0,1,0,0,1,0,0,0,1,0,0,1,1,0,0,0,1,0,0,0,1,0
SEP_2_0132,R_2ZCZjBOrCEmxU4Q,spring_2019,2019-02-05,2019,2018-2019,spring,15,2019-01-22,2,0.4444444444444444,0.5714285714285714,0.8888888888888888,8,5,7,5,5,7,6,7,2,2,7,8,7,8,5,6,2,6,8,8,6,7,1,4,8,1,7,2,5,7,1,2,1,1,1,1,0,0,1,1,0,1,1,0,0,0,1,0,0,1,1,1,1,1,0,0,1,0,1,0,0,0,0,0
SEP_2_0133,R_Xh5QeZwZtj2DgfT,spring_2019,2019-02-05,2019,2018-2019,spring,15,2019-01-22,2,0.5555555555555556,0.5714285714285714,1,8,5,5,5,6,7,6,7,2,2,7,2,4,5,5,1,2,6,8,5,6,7,5,4,3,1,7,1,1,7,8,3,1,1,0,1,0,0,1,1,0,1,1,1,0,0,1,0,0,1,1,0,1,1,1,0,0,0,1,1,1,0,0,1
SEP_2_0134,R_1loi0TRLzSagQXd,spring_2019,2019-02-05,2019,2018-2019,spring,15,2019-01-22,2,0.16666666666666666,0.2857142857142857,0.3888888888888889,6,5,7,5,7,8,8,6,4,8,8,5,7,2,2,8,2,1,2,4,6,3,2,4,7,1,3,8,3,3,5,1,0,1,1,1,1,0,0,0,0,0,0,0,0,0,0,1,0,0,0,0,1,0,0,0,0,0,0,0,0,0,1,0
SEP_2_0135,R_byMfEBZjNCLanmh,spring_2019,2019-02-05,2019,2018-2019,spring,15,2019-01-22,2,0.2222222222222222,0.35714285714285715,0.5,8,5,8,5,5,3,8,4,2,2,7,4,4,7,5,2,8,6,7,8,1,3,5,4,3,4,1,6,8,7,1,8,1,1,0,1,0,0,0,0,0,1,1,0,0,0,1,0,0,1,0,1,0,0,1,0,0,0,0,0,0,0,0,0
SEP_2_0136,R_3KuLSesNjZ9y24H,spring_2019,2019-02-05,2019,2018-2019,spring,15,2019-01-22,2,0.4444444444444444,0.5714285714285714,0.8888888888888888,8,5,7,5,6,5,6,8,4,2,8,2,8,5,5,7,8,2,7,8,1,3,5,6,8,8,6,1,7,7,5,3,1,1,1,1,0,1,1,0,0,1,0,1,0,0,1,0,0,0,0,1,0,0,1,1,1,0,0,1,0,0,1,1
SEP_2_0137,R_1jqsM9nUyg8Z8oP,spring_2019,2019-02-05,2019,2018-2019,spring,15,2019-01-22,2,0.16666666666666666,0.5,0.5555555555555556,8,2,7,5,7,7,6,4,2,2,6,4,5,8,8,4,8,7,8,7,7,7,3,7,2,7,7,7,7,7,3,4,1,0,1,1,1,0,1,0,0,1,0,0,1,0,0,0,0,0,1,0,0,1,0,0,0,0,1,0,0,0,0,0
SEP_2_0138,R_3J9PxOcMrSvmfjR,spring_2019,2019-02-05,2019,2018-2019,spring,15,2019-01-22,2,0.7222222222222222,0.7142857142857143,1.2777777777777777,8,5,2,5,2,6,6,7,5,2,7,2,3,6,5,6,3,6,8,8,6,7,3,6,8,4,7,1,7,1,5,4,1,1,0,1,0,0,1,1,1,1,1,1,0,1,1,0,1,1,1,1,1,1,0,1,1,0,1,1,0,1,1,0
SEP_2_0139,R_1K78nQjow1ZOaia,spring_2019,2019-02-06,2019,2018-2019,spring,16,2019-01-22,2,0.3333333333333333,0.5,0.7222222222222222,8,5,6,5,4,6,6,7,2,8,8,2,2,6,1,7,6,4,2,6,6,7,3,6,6,4,6,7,1,2,5,3,1,1,0,1,0,0,1,1,0,0,0,1,0,1,0,0,0,0,0,0,1,1,0,1,0,0,0,0,1,0,1,1
SEP_2_0140,R_3qyRjGiTZfeTgCh,spring_2019,2019-02-06,2019,2018-2019,spring,16,2019-01-22,2,0.5555555555555556,0.5,0.9444444444444444,8,5,7,5,1,6,6,6,2,2,1,2,4,7,5,6,8,6,1,8,6,3,5,4,8,7,7,1,5,7,5,3,1,1,1,1,0,0,1,0,0,1,0,1,0,0,1,0,0,1,0,1,1,0,1,0,1,0,1,1,0,0,1,1
SEP_2_0141,R_3kERhj9eUTO0Kbt,spring_2019,2019-02-06,2019,2018-2019,spring,16,2019-01-22,2,0.6111111111111112,0.5,1,8,5,1,5,1,6,6,6,4,2,7,2,3,3,1,6,3,6,8,5,6,7,5,6,8,6,8,1,1,7,6,6,1,1,0,1,0,0,1,0,0,1,1,1,0,0,0,0,1,1,1,0,1,1,1,1,1,1,0,1,1,0,0,0
SEP_2_0142,R_12u7QIvV6O3iNRE,spring_2019,2019-02-06,2019,2018-2019,spring,16,2019-01-22,2,0.05555555555555555,0.42857142857142855,0.3888888888888889,8,5,8,5,1,4,8,8,1,2,7,3,5,2,4,1,5,6,3,7,3,3,8,3,2,8,8,2,5,8,3,2,1,1,0,1,0,0,0,0,0,1,1,0,1,0,0,0,0,1,0,0,0,0,0,0,0,0,0,0,0,0,0,0
SEP_2_0143,R_22zv20FWOWOjBDz,spring_2019,2019-02-06,2019,2018-2019,spring,16,2019-01-22,2,0.5,0.5,0.8888888888888888,8,5,3,5,4,6,6,8,4,2,1,2,3,6,8,6,3,5,8,8,6,3,3,7,8,4,1,1,1,8,5,3,1,1,0,1,0,0,1,0,0,1,0,1,0,1,0,0,1,0,1,1,1,0,0,0,1,0,0,1,1,0,1,1
SEP_2_0144,R_RKtzwGd4nV9X38d,spring_2019,2019-02-06,2019,2018-2019,spring,16,2019-01-22,2,0.2222222222222222,0.5714285714285714,0.6666666666666666,8,5,2,5,7,7,6,5,2,2,7,2,4,5,5,4,8,5,8,2,1,7,1,7,2,3,8,2,7,7,5,2,1,1,0,1,1,0,1,0,0,1,1,1,0,0,1,0,0,0,1,0,0,1,0,0,0,0,0,0,0,0,1,0
SEP_2_0145,R_3EARzMcE2hP8OGN,spring_2019,2019-02-06,2019,2018-2019,spring,16,2019-01-22,2,0.7222222222222222,0.7142857142857143,1.2777777777777777,8,4,7,5,7,4,6,6,5,2,1,2,5,6,1,6,3,6,8,6,6,7,5,4,8,6,7,1,1,7,5,3,1,0,1,1,1,0,1,0,1,1,0,1,1,1,0,0,1,1,1,0,1,1,1,0,1,1,1,1,1,0,1,1
SEP_2_0146,R_01g9otUgR989Upr,spring_2019,2019-02-06,2019,2018-2019,spring,16,2019-01-22,2,0.6111111111111112,0.6428571428571429,1.1111111111111112,8,5,7,5,5,2,6,7,2,2,7,2,3,2,5,6,3,6,8,8,3,7,5,4,8,1,8,1,7,7,5,3,1,1,1,1,0,0,1,1,0,1,1,1,0,0,1,0,1,1,1,1,0,1,1,0,1,0,0,1,0,0,1,1
SEP_2_0147,R_2uCHgR4jR1GykRv,spring_2019,2019-02-06,2019,2018-2019,spring,16,2019-01-22,2,0.3888888888888889,0.42857142857142855,0.7222222222222222,8,5,5,5,5,8,8,6,2,2,7,2,4,5,8,6,7,6,8,4,6,3,5,4,8,7,1,2,1,7,5,6,1,1,0,1,0,0,0,0,0,1,1,1,0,0,0,0,0,1,1,0,1,0,1,0,1,0,0,0,1,0,1,0
SEP_2_0148,R_1LSus9KRcUU7ycA,spring_2019,2019-02-06,2019,2018-2019,spring,16,2019-01-22,2,0.1111111111111111,0.35714285714285715,0.3888888888888889,3,8,5,5,7,5,1,7,1,2,1,5,8,3,5,5,2,8,6,8,1,4,3,4,5,5,1,2,3,4,6,7,0,0,0,1,1,1,0,1,0,1,0,0,0,0,1,0,0,0,0,1,0,0,0,0,0,0,0,0,0,0,0,0
SEP_2_0149,R_10uUFbOJYIiGlgu,spring_2019,2019-02-06,2019,2018-2019,spring,16,2019-01-22,2,0.3333333333333333,0.35714285714285715,0.6111111111111112,8,5,2,4,6,6,7,7,2,2,7,1,4,5,8,7,4,3,8,4,1,3,3,6,6,4,7,1,7,1,5,8,1,1,0,0,0,0,0,1,0,1,1,0,0,0,0,0,0,0,1,0,0,0,0,1,0,0,1,1,0,1,1,0
SEP_2_0150,R_cOzvAdf1yLEJNmh,spring_2019,2019-02-06,2019,2018-2019,spring,16,2019-01-22,2,0.16666666666666666,0.5,0.5555555555555556,8,5,7,5,5,2,8,7,2,2,7,7,6,2,5,1,2,3,8,4,4,4,7,4,6,6,3,6,3,8,2,6,1,1,1,1,0,0,0,1,0,1,1,0,0,0,1,0,0,0,1,0,0,0,0,0,0,1,0,0,0,0,0,0
SEP_2_0151,R_QhPveO24V8fTHSF,spring_2019,2019-02-06,2019,2018-2019,spring,16,2019-01-22,2,0.2222222222222222,0.5,0.6111111111111112,8,5,7,5,6,3,8,7,2,2,1,2,2,5,1,1,2,4,8,4,7,8,3,6,1,3,2,2,1,5,3,3,1,1,1,1,0,0,0,1,0,1,0,1,0,0,0,0,0,0,1,0,0,0,0,1,0,0,0,0,1,0,0,1
SEP_2_0152,R_3R9LHu6Uw6gimNI,spring_2019,2019-02-06,2019,2018-2019,spring,16,2019-01-22,2,0.3888888888888889,0.42857142857142855,0.7222222222222222,8,8,5,5,8,1,6,6,2,2,7,6,5,7,5,6,7,6,8,5,5,7,3,4,7,6,7,1,2,7,8,6,1,0,0,1,0,0,1,0,0,1,1,0,1,0,1,0,0,1,1,0,0,1,0,0,0,1,1,1,0,0,0,0
SEP_2_0153,R_247Sc0fjhB3lFlz,spring_2019,2019-02-07,2019,2018-2019,spring,17,2019-01-22,2,0.3333333333333333,0.2857142857142857,0.5555555555555556,8,5,4,4,1,7,4,6,2,2,7,8,3,8,5,2,1,6,8,8,4,7,1,7,2,1,1,1,7,7,1,1,1,1,0,0,0,0,0,0,0,1,1,0,0,0,1,0,0,1,1,1,0,1,0,0,0,0,0,1,0,0,0,0
SEP_2_0154,R_3oC0G3IZQojKJHe,spring_2019,2019-02-07,2019,2018-2019,spring,17,2019-01-22,2,0.8333333333333334,0.6428571428571429,1.3333333333333333,8,5,7,5,5,4,6,6,5,2,7,2,3,5,5,6,3,6,8,8,6,3,5,4,8,6,7,1,1,1,5,3,1,1,1,1,0,0,1,0,1,1,1,1,0,0,1,0,1,1,1,1,1,0,1,0,1,1,1,1,1,1,1,1
SEP_2_0155,R_yxPvtqjXzC83I3f,spring_2019,2019-02-08,2019,2018-2019,spring,18,2019-01-22,2,0.5555555555555556,0.7857142857142857,1.1666666666666667,8,5,7,5,7,4,6,7,5,2,7,5,5,5,5,6,1,3,8,3,6,3,3,6,8,6,7,1,1,1,3,6,1,1,1,1,1,0,1,1,1,1,1,0,1,0,1,0,0,0,1,0,1,0,0,1,1,1,1,1,1,1,0,0
SEP_2_0156,R_OBZzww13rL1dTLr,spring_2019,2019-02-08,2019,2018-2019,spring,18,2019-01-22,2,0.16666666666666666,0.35714285714285715,0.4444444444444444,7,5,7,5,6,6,6,4,4,2,1,6,3,3,5,6,5,6,6,3,4,3,3,4,7,3,8,7,7,3,8,3,0,1,1,1,0,0,1,0,0,1,0,0,0,0,1,0,0,1,0,0,0,0,0,0,0,0,0,0,0,0,0,1
SEP_2_0157,R_240mM1cOgW2209k,spring_2019,2019-02-08,2019,2018-2019,spring,18,2019-01-22,2,0.3888888888888889,0.5714285714285714,0.8333333333333334,8,5,1,5,8,4,6,7,5,2,7,5,8,7,1,4,5,6,8,3,1,3,5,4,3,6,7,3,1,7,5,6,1,1,0,1,0,0,1,1,1,1,1,0,0,0,0,0,0,1,1,0,0,0,1,0,0,1,1,0,1,0,1,0
SEP_2_0158,R_3emB4CoeM2KOW80,spring_2019,2019-02-09,2019,2018-2019,spring,19,2019-01-22,2,0.16666666666666666,0.42857142857142855,0.5,8,5,1,5,5,6,6,7,2,2,8,7,3,8,1,1,2,5,8,4,1,3,5,7,4,1,7,7,7,5,2,4,1,1,0,1,0,0,1,1,0,1,0,0,0,0,0,0,0,0,1,0,0,0,1,0,0,0,1,0,0,0,0,0
SEP_2_0159,R_1IY04CcRri3Snbg,spring_2019,2019-02-09,2019,2018-2019,spring,19,2019-01-22,2,0.3333333333333333,0.5714285714285714,0.7777777777777778,8,5,7,5,5,6,8,6,2,2,7,2,5,7,1,6,7,6,7,8,3,7,1,7,8,7,1,1,7,7,8,3,1,1,1,1,0,0,0,0,0,1,1,1,1,0,0,0,0,1,0,1,0,1,0,0,1,0,0,1,0,0,0,1
SEP_2_0160,R_2ASer2kTdRf2u8t,spring_2019,2019-02-10,2019,2018-2019,spring,20,2019-01-22,2,0.7222222222222222,0.7857142857142857,1.3333333333333333,8,5,7,5,5,2,6,6,5,2,7,2,5,6,5,6,3,3,8,8,6,7,3,4,8,6,1,1,1,1,5,3,1,1,1,1,0,0,1,0,1,1,1,1,1,1,1,0,1,0,1,1,1,1,0,0,1,1,0,1,1,1,1,1
SEP_2_0161,R_1dixpdWfYKcUDk7,spring_2019,2019-02-10,2019,2018-2019,spring,20,2019-01-22,2,0.7777777777777778,0.5,1.1666666666666667,8,5,1,5,7,1,6,6,2,2,8,2,3,8,5,6,3,6,1,8,6,7,5,4,2,6,7,1,1,1,5,3,1,1,0,1,1,0,1,0,0,1,0,1,0,0,1,0,1,1,0,1,1,1,1,0,0,1,1,1,1,1,1,1
SEP_2_0162,R_2c5UmYFhVETiTrR,spring_2019,2019-02-11,2019,2018-2019,spring,21,2019-01-22,2,0.3888888888888889,0.5,0.7777777777777778,7,5,6,5,5,2,6,6,2,2,7,5,5,6,5,7,5,5,1,7,6,3,5,4,3,6,7,1,1,7,6,2,0,1,0,1,0,0,1,0,0,1,1,0,1,1,1,0,0,0,0,0,1,0,1,0,0,1,1,1,1,0,0,0
SEP_2_0163,R_bqrPqqThEkis9Jn,spring_2019,2019-02-11,2019,2018-2019,spring,21,2019-01-22,2,0.7777777777777778,0.5714285714285714,1.2222222222222223,8,5,7,5,5,8,6,6,2,2,7,2,3,1,5,4,3,3,8,8,6,7,5,6,4,6,7,2,1,1,5,3,1,1,1,1,0,0,1,0,0,1,1,1,0,0,1,0,1,0,1,1,1,1,1,1,0,1,1,0,1,1,1,1
SEP_2_0164,R_Dqw7ArhO7ZoG3kJ,spring_2019,2019-02-11,2019,2018-2019,spring,21,2019-01-22,2,0.5,0.6428571428571429,1,8,5,7,5,1,7,6,6,5,2,7,2,3,7,5,7,3,6,8,8,6,7,5,4,2,1,6,1,7,7,3,6,1,1,1,1,0,0,1,0,1,1,1,1,0,0,1,0,1,1,1,1,1,1,1,0,0,0,0,1,0,0,0,0
SEP_2_0165,R_01Z5CcHv1Qdy9pL,spring_2019,2019-02-11,2019,2018-2019,spring,21,2019-01-22,2,0.8333333333333334,0.7857142857142857,1.4444444444444444,8,5,7,5,5,7,6,7,5,2,7,2,3,6,4,6,3,6,8,8,6,7,3,6,8,6,7,1,1,1,5,3,1,1,1,1,0,0,1,1,1,1,1,1,0,1,0,0,1,1,1,1,1,1,0,1,1,1,1,1,1,1,1,1
SEP_2_0166,R_3r0tO6RX73bTKu4,spring_2019,2019-02-11,2019,2018-2019,spring,21,2019-01-22,2,0.4444444444444444,0.5714285714285714,0.8888888888888888,8,5,5,5,5,7,6,7,1,2,7,6,1,6,5,2,5,3,8,7,1,7,1,4,2,6,7,1,1,1,8,8,1,1,0,1,0,0,1,1,0,1,1,0,0,1,1,0,0,0,1,0,0,1,0,0,0,1,1,1,1,1,0,0
SEP_2_0167,R_xf7l9m7m3sYBDgd,spring_2019,2019-02-11,2019,2018-2019,spring,21,2019-01-22,2,0,0.14285714285714285,0.1111111111111111,3,5,5,6,7,8,8,4,7,4,6,7,1,8,8,7,8,5,1,3,7,6,3,7,2,8,8,6,4,3,7,1,0,1,0,0,1,0,0,0,0,0,0,0,0,0,0,0,0,0,0,0,0,0,0,0,0,0,0,0,0,0,0,0
SEP_2_0168,R_3RrVzqftZNyuXRJ,spring_2019,2019-02-11,2019,2018-2019,spring,21,2019-01-22,2,0.3333333333333333,0.5,0.7222222222222222,8,5,2,5,5,6,6,4,2,2,7,2,3,5,5,6,7,6,1,3,6,3,5,3,4,1,7,2,7,7,6,3,1,1,0,1,0,0,1,0,0,1,1,1,0,0,1,0,0,1,0,0,1,0,1,0,0,0,1,0,0,0,0,1
SEP_2_0169,R_3q8tmlDGmQMq0xK,spring_2019,2019-02-11,2019,2018-2019,spring,21,2019-01-22,2,0.2777777777777778,0.5,0.6666666666666666,8,5,5,5,8,6,6,1,2,2,7,7,5,5,5,3,2,6,1,4,1,7,5,2,4,8,8,2,7,1,1,2,1,1,0,1,0,0,1,0,0,1,1,0,1,0,1,0,0,1,0,0,0,1,1,0,0,0,0,0,0,1,0,0
SEP_2_0170,R_2do5kZ5h2U16num,spring_2019,2019-02-12,2019,2018-2019,spring,22,2019-01-22,2,0.2777777777777778,0.5714285714285714,0.7222222222222222,8,5,7,5,7,3,6,3,2,2,8,2,4,5,5,6,5,8,5,4,6,3,4,7,3,6,7,5,7,4,4,3,1,1,1,1,1,0,1,0,0,1,0,1,0,0,1,0,0,0,0,0,1,0,0,0,0,1,1,0,0,0,0,1
SEP_2_0171,R_cHMqlal9o9JGCRj,spring_2019,2019-02-12,2019,2018-2019,spring,22,2019-01-22,2,0.6111111111111112,0.42857142857142855,0.9444444444444444,8,5,8,5,2,4,8,3,1,2,7,2,3,5,5,6,3,5,3,8,6,3,5,4,8,6,7,7,7,1,5,3,1,1,0,1,0,0,0,0,0,1,1,1,0,0,1,0,1,0,0,1,1,0,1,0,1,1,1,0,0,1,1,1
SEP_2_0172,R_VKitJjGNebrSzKh,spring_2019,2019-02-12,2019,2018-2019,spring,22,2019-01-22,2,0.3888888888888889,0.5,0.7777777777777778,8,5,5,5,7,4,6,2,2,2,7,6,3,8,5,4,2,6,5,3,6,7,5,4,6,8,7,1,7,7,8,7,1,1,0,1,1,0,1,0,0,1,1,0,0,0,1,0,0,1,0,0,1,1,1,0,0,0,1,1,0,0,0,0
SEP_2_0173,R_1QzRn9RKBqrPwnx,spring_2019,2019-02-12,2019,2018-2019,spring,22,2019-01-22,2,0.5555555555555556,0.5,0.9444444444444444,8,4,4,5,5,6,6,7,5,2,8,2,3,7,5,7,2,6,8,6,6,7,5,6,7,6,7,2,7,7,5,2,1,0,0,1,0,0,1,1,1,1,0,1,0,0,1,0,0,1,1,0,1,1,1,1,0,1,1,0,0,0,1,0
SEP_2_0174,R_31i3PUxlUPD8qJg,spring_2019,2019-02-12,2019,2018-2019,spring,22,2019-01-22,2,0.6111111111111112,0.5714285714285714,1.0555555555555556,8,5,4,5,3,4,6,4,5,2,7,2,3,2,8,6,3,4,8,5,6,7,5,6,8,3,7,1,5,1,4,3,1,1,0,1,0,0,1,0,1,1,1,1,0,0,0,0,1,0,1,0,1,1,1,1,1,0,1,1,0,1,0,1
SEP_2_0175,R_1IAS1uLApI4JI6R,spring_2019,2019-02-12,2019,2018-2019,spring,22,2019-01-22,2,0.3333333333333333,0.5714285714285714,0.7777777777777778,8,5,7,5,7,6,1,4,2,2,7,2,3,5,5,6,7,5,8,2,1,7,5,4,2,7,1,1,7,7,5,7,1,1,1,1,1,0,0,0,0,1,1,1,0,0,1,0,0,0,1,0,0,1,1,0,0,0,0,1,0,0,1,0
SEP_2_0176,R_3iIpnUnYZjt3sEw,spring_2019,2019-02-12,2019,2018-2019,spring,22,2019-01-22,2,0.3333333333333333,0.5,0.7222222222222222,8,5,2,5,4,8,1,7,5,8,8,4,5,6,8,3,2,4,1,2,1,7,5,6,7,1,7,1,7,7,3,3,1,1,0,1,0,0,0,1,1,0,0,0,1,1,0,0,0,0,0,0,0,1,1,1,0,0,1,1,0,0,0,1
SEP_2_0177,R_3fNnyg4HAA6PyPC,spring_2019,2019-02-12,2019,2018-2019,spring,22,2019-01-22,2,0.2222222222222222,0.42857142857142855,0.5555555555555556,8,5,2,5,4,6,3,7,5,5,8,2,4,7,1,1,4,3,5,4,6,3,1,3,8,7,5,1,3,5,3,3,1,1,0,1,0,0,0,1,1,0,0,1,0,0,0,0,0,0,0,0,1,0,0,0,1,0,0,1,0,0,0,1
SEP_2_0178,R_2OSTZef6xcCnhz4,spring_2019,2019-02-13,2019,2018-2019,spring,23,2019-01-22,2,0.7777777777777778,0.42857142857142855,1.1111111111111112,8,5,1,4,1,2,6,1,2,2,7,2,3,5,5,6,5,6,8,8,6,7,5,4,3,6,7,1,1,1,5,3,1,1,0,0,0,0,1,0,0,1,1,1,0,0,1,0,0,1,1,1,1,1,1,0,0,1,1,1,1,1,1,1
SEP_2_0179,R_PSCkyYEpuhlZaZH,spring_2019,2019-02-13,2019,2018-2019,spring,23,2019-01-22,2,0.4444444444444444,0.42857142857142855,0.7777777777777778,8,5,7,5,1,5,6,1,2,6,8,4,4,3,5,7,1,6,8,3,6,3,5,6,4,1,8,2,7,1,7,3,1,1,1,1,0,1,1,0,0,0,0,0,0,0,1,0,0,1,1,0,1,0,1,1,0,0,0,0,0,1,0,1
SEP_2_0180,R_2s0Ui7UW6ImD5hU,spring_2019,2019-03-12,2019,2018-2019,spring,50,2019-01-22,2,0.1111111111111111,0.5,0.5,8,5,7,5,5,1,6,1,1,2,8,7,8,6,1,2,7,3,4,6,2,5,6,1,7,2,5,7,1,4,6,3,1,1,1,1,0,0,1,0,0,1,0,0,0,1,0,0,0,0,0,0,0,0,0,0,0,0,0,0,1,0,0,1
SEP_2_0181,R_zUP8JnOZ4sSvDCF,spring_2019,2019-03-15,2019,2018-2019,spring,53,2019-01-22,2,0.4444444444444444,0.5714285714285714,0.8888888888888888,8,5,7,5,5,1,6,6,2,2,7,2,4,8,5,7,7,6,1,4,6,3,1,6,4,1,7,1,7,1,5,6,1,1,1,1,0,0,1,0,0,1,1,1,0,0,1,0,0,1,0,0,1,0,0,1,0,0,1,1,0,1,1,0
SEP_2_0182,R_d5s6knS08KyyefT,spring_2019,2019-03-28,2019,2018-2019,spring,66,2019-01-22,2,0.6666666666666666,0.7142857142857143,1.2222222222222223,8,5,7,5,6,5,6,7,2,2,8,2,2,6,5,6,3,6,8,8,6,7,1,4,4,6,7,1,7,7,5,3,1,1,1,1,0,1,1,1,0,1,0,1,0,1,1,0,1,1,1,1,1,1,0,0,0,1,1,1,0,0,1,1
SEP_2_0183,R_1IGgPxYrMpkUHHn,spring_2019,2019-03-29,2019,2018-2019,spring,67,2019-01-22,2,0.3333333333333333,0.2857142857142857,0.5555555555555556,8,5,2,5,6,4,1,4,2,2,8,5,3,2,5,7,8,6,5,4,3,3,1,3,8,6,7,2,7,1,1,4,1,1,0,1,0,0,0,0,0,1,0,0,0,0,1,0,0,1,0,0,0,0,0,0,1,1,1,0,0,1,0,0
SEP_2_0184,R_W6XtwM0MPT4z5hD,spring_2019,2019-03-29,2019,2018-2019,spring,67,2019-01-22,2,0.4444444444444444,0.7142857142857143,1,8,5,7,5,5,6,6,6,5,2,7,5,5,6,5,6,5,5,1,3,6,7,5,7,7,1,1,1,1,7,5,3,1,1,1,1,0,0,1,0,1,1,1,0,1,1,1,0,0,0,0,0,1,1,1,0,0,0,0,1,1,0,1,1
SEP_2_0185,R_4IUE1IgCN9CZYk1,spring_2019,2019-03-29,2019,2018-2019,spring,67,2019-01-22,2,0.16666666666666666,0.35714285714285715,0.4444444444444444,8,4,7,6,6,6,8,6,2,2,7,2,4,2,8,4,2,6,6,7,3,3,1,4,6,7,7,2,6,5,8,3,1,0,1,0,0,0,0,0,0,1,1,1,0,0,0,0,0,1,0,0,0,0,0,0,0,0,1,0,0,0,0,1
SEP_2_0186,R_33r7LRMF4CWivy1,spring_2019,2019-03-29,2019,2018-2019,spring,67,2019-01-22,2,0.4444444444444444,0.6428571428571429,0.9444444444444444,8,5,7,5,6,1,6,7,2,2,7,2,4,8,5,6,5,5,8,5,6,3,5,6,8,6,8,2,1,7,1,2,1,1,1,1,0,0,1,1,0,1,1,1,0,0,1,0,0,0,1,0,1,0,1,1,1,1,0,0,1,0,0,0
SEP_2_0187,R_vDNe5uzltbyMtc5,spring_2019,2019-03-29,2019,2018-2019,spring,67,2019-01-22,2,0.3888888888888889,0.5,0.7777777777777778,8,5,7,6,6,3,6,4,4,2,7,4,5,7,1,6,4,4,8,6,6,3,1,4,4,6,7,2,1,1,1,3,1,1,1,0,0,0,1,0,0,1,1,0,1,0,0,0,0,0,1,0,1,0,0,0,0,1,1,0,1,1,0,1
SEP_2_0188,R_3qO2qFtjYu1jebt,spring_2019,2019-04-05,2019,2018-2019,spring,74,2019-01-22,2,0.2777777777777778,0.35714285714285715,0.5555555555555556,8,5,2,5,5,8,8,4,2,2,8,7,5,3,1,5,6,3,7,6,3,7,1,4,4,6,1,1,5,7,5,3,1,1,0,1,0,0,0,0,0,1,0,0,1,0,0,0,0,0,0,0,0,1,0,0,0,1,0,1,0,0,1,1
SEP_2_0189,R_3h5RfSM5hBQoGwL,spring_2019,2019-04-05,2019,2018-2019,spring,74,2019-01-22,2,0.3333333333333333,0.42857142857142855,0.6666666666666666,8,2,7,5,1,7,6,5,2,2,7,5,3,5,5,6,7,6,3,7,7,4,5,6,3,6,3,2,7,7,6,3,1,0,1,1,0,0,1,0,0,1,1,0,0,0,1,0,0,1,0,0,0,0,1,1,0,1,0,0,0,0,0,1
SEP_2_0190,R_3NUmTgLwfE9IDpN,spring_2019,2019-04-05,2019,2018-2019,spring,74,2019-01-22,2,0.4444444444444444,0.6428571428571429,0.9444444444444444,8,5,5,5,4,5,6,7,2,2,7,2,3,5,5,6,7,6,7,4,1,3,5,7,7,1,7,1,1,1,1,3,1,1,0,1,0,1,1,1,0,1,1,1,0,0,1,0,0,1,0,0,0,0,1,0,0,0,1,1,1,1,0,1
SEP_2_0191,R_24MdFdMudKNKZjt,spring_2019,2019-04-05,2019,2018-2019,spring,74,2019-01-22,2,0.4444444444444444,0.42857142857142855,0.7777777777777778,8,5,5,5,5,1,8,1,2,2,7,2,2,7,5,1,1,6,8,6,1,3,5,4,8,6,8,1,7,7,5,6,1,1,0,1,0,0,0,0,0,1,1,1,0,0,1,0,0,1,1,0,0,0,1,0,1,1,0,1,0,0,1,0
SEP_2_0192,R_Um9qbB9NwWiWbQd,spring_2019,2019-04-12,2019,2018-2019,spring,81,2019-01-22,2,0.1111111111111111,0,0.1111111111111111,4,4,6,2,8,3,5,1,8,3,2,6,3,7,4,6,3,1,6,7,3,8,5,1,5,7,6,4,2,4,1,2,0,0,0,0,0,0,0,0,0,0,0,0,0,0,0,0,1,0,0,0,0,0,1,0,0,0,0,0,0,0,0,0
SEP_2_0193,R_zYHK6P78h5hZZM5,spring_2019,2019-04-12,2019,2018-2019,spring,81,2019-01-22,2,0.3888888888888889,0.6428571428571429,0.8888888888888888,8,5,7,5,6,6,6,7,2,2,7,2,3,7,5,6,1,5,8,3,6,3,5,7,7,6,6,7,1,1,6,6,1,1,1,1,0,0,1,1,0,1,1,1,0,0,1,0,0,0,1,0,1,0,1,0,0,1,0,0,1,1,0,0
SEP_2_0194,R_1GNYl5y6xxeDTTs,spring_2019,2019-04-17,2019,2018-2019,spring,86,2019-01-22,2,0.2222222222222222,0.21428571428571427,0.3888888888888889,8,2,4,5,3,6,8,8,2,2,8,8,4,7,5,5,5,6,5,5,2,8,1,4,6,6,6,2,7,7,5,2,1,0,0,1,0,0,0,0,0,1,0,0,0,0,1,0,0,1,0,0,0,0,0,0,0,1,0,0,0,0,1,0
SEP_2_0195,R_3lzch6LJtZQBsGR,spring_2019,2019-04-19,2019,2018-2019,spring,88,2019-01-22,2,0.8333333333333334,0.7857142857142857,1.4444444444444444,8,4,7,5,5,5,6,7,5,2,7,2,3,6,5,6,3,6,8,8,6,7,5,4,8,6,7,7,1,1,5,3,1,0,1,1,0,1,1,1,1,1,1,1,0,1,1,0,1,1,1,1,1,1,1,0,1,1,1,0,1,1,1,1
SEP_2_0196,R_2vbTjYiJrszXpsV,spring_2019,2019-04-19,2019,2018-2019,spring,88,2019-01-22,2,0.3888888888888889,0.5714285714285714,0.8333333333333334,8,5,1,5,1,6,6,7,2,2,7,2,3,5,8,6,5,6,5,6,4,7,1,7,8,6,7,7,1,7,1,3,1,1,0,1,0,0,1,1,0,1,1,1,0,0,0,0,0,1,0,0,0,1,0,0,1,1,1,0,1,0,0,1
SEP_2_0197,R_3nPIgee6UpZ1AJJ,spring_2019,2019-04-22,2019,2018-2019,spring,91,2019-01-22,2,0.4444444444444444,0.7142857142857143,1,8,5,4,5,1,1,6,7,5,2,7,2,4,6,5,6,3,6,1,8,6,3,3,1,5,1,7,2,1,1,8,6,1,1,0,1,0,0,1,1,1,1,1,1,0,1,1,0,1,1,0,1,1,0,0,0,0,0,1,0,1,1,0,0
SEP_2_0198,R_1Q6jeVRXFVGhMM2,spring_2019,2019-04-22,2019,2018-2019,spring,91,2019-01-22,2,0.5,0.5,0.8888888888888888,8,5,1,5,1,1,6,7,2,2,7,1,3,3,8,6,5,6,8,8,1,3,5,4,8,6,7,2,1,1,1,6,1,1,0,1,0,0,1,1,0,1,1,0,0,0,0,0,0,1,1,1,0,0,1,0,1,1,1,0,1,1,0,0
SEP_2_0199,R_2P4Z1ZSCqpIu6R4,spring_2019,2019-04-23,2019,2018-2019,spring,92,2019-01-22,2,0.05555555555555555,0.5714285714285714,0.5,8,4,7,5,7,6,2,7,5,2,7,3,8,2,5,1,7,5,1,5,2,6,1,7,7,3,1,2,7,8,4,7,1,0,1,1,1,0,0,1,1,1,1,0,0,0,1,0,0,0,0,0,0,0,0,0,0,0,0,0,0,0,0,0
SEP_2_0200,R_Z91VuNs5NOKezIZ,spring_2019,2019-04-24,2019,2018-2019,spring,93,2019-01-22,2,0.2777777777777778,0.42857142857142855,0.6111111111111112,8,5,4,5,4,1,2,1,1,2,7,7,2,6,5,8,7,3,5,7,6,3,5,5,7,4,8,2,2,7,6,3,1,1,0,1,0,0,0,0,0,1,1,0,0,1,1,1,0,0,0,0,1,0,1,0,0,0,0,0,0,0,0,1
SEP_2_0201,R_3PoDrHzCX1GpK7n,spring_2019,2019-04-25,2019,2018-2019,spring,94,2019-01-22,2,0.2777777777777778,0.5714285714285714,0.7222222222222222,8,5,7,5,6,6,6,1,5,2,7,7,8,8,8,6,6,6,8,8,3,2,5,8,2,8,6,7,6,7,5,7,1,1,1,1,0,0,1,0,1,1,1,0,0,0,0,0,0,1,1,1,0,0,1,0,0,0,0,0,0,0,1,0
SEP_2_0202,R_pJEnaAG1GUBwC65,spring_2019,2019-04-25,2019,2018-2019,spring,94,2019-01-22,2,0.16666666666666666,0.14285714285714285,0.2777777777777778,1,8,3,3,7,3,3,4,5,7,3,3,3,5,1,4,3,5,6,5,1,7,6,5,5,5,5,6,8,4,6,3,0,0,0,0,1,0,0,0,1,0,0,0,0,0,0,0,1,0,0,0,0,1,0,0,0,0,0,0,0,0,0,1
SEP_2_0203,R_3iJV9THwfnJ2E2I,spring_2019,2019-04-26,2019,2018-2019,spring,95,2019-01-22,2,0.05555555555555555,0.5,0.4444444444444444,8,5,1,5,4,7,6,7,2,2,4,2,2,5,8,4,6,3,4,3,1,5,1,4,1,3,7,2,7,3,4,8,1,1,0,1,0,0,1,1,0,1,0,1,0,0,0,0,0,0,0,0,0,0,0,0,0,0,1,0,0,0,0,0
SEP_2_0204,R_b1M4OHlZu8NlrPP,spring_2019,2019-04-26,2019,2018-2019,spring,95,2019-01-22,2,0.6666666666666666,0.5714285714285714,1.1111111111111112,8,5,2,5,5,6,6,7,2,2,7,2,3,7,5,6,8,6,8,8,6,3,5,7,8,6,7,1,1,1,8,6,1,1,0,1,0,0,1,1,0,1,1,1,0,0,1,0,0,1,1,1,1,0,1,0,1,1,1,1,1,1,0,0
SEP_2_0205,R_1dhmV3XKcRWiQU8,spring_2019,2019-04-29,2019,2018-2019,spring,98,2019-01-22,2,0.7222222222222222,0.5714285714285714,1.1666666666666667,8,5,8,5,5,2,6,3,5,2,8,2,3,6,5,8,3,6,8,8,6,7,3,4,3,6,7,1,7,7,5,3,1,1,0,1,0,0,1,0,1,1,0,1,0,1,1,1,1,1,1,1,1,1,0,0,0,1,1,1,0,0,1,1
SEP_2_0206,R_24Hi6LIJtliNvWZ,spring_2019,2019-04-29,2019,2018-2019,spring,98,2019-01-22,2,0.5555555555555556,0.2857142857142857,0.7777777777777778,8,5,5,4,4,6,8,3,2,2,7,6,4,5,5,4,7,6,6,8,6,7,5,7,7,7,7,1,7,1,6,3,1,1,0,0,0,0,0,0,0,1,1,0,0,0,1,0,0,1,0,1,1,1,1,0,0,0,1,1,0,1,0,1
SEP_2_0207,R_2uTGMw21KcnoUBk,spring_2019,2019-04-29,2019,2018-2019,spring,98,2019-01-22,2,0.4444444444444444,0.42857142857142855,0.7777777777777778,8,5,3,5,6,6,6,1,3,2,8,2,2,8,5,2,2,3,8,8,3,7,5,3,8,4,7,1,7,8,6,8,1,1,0,1,0,0,1,0,0,1,0,1,0,0,1,0,0,0,1,1,0,1,1,0,1,0,1,1,0,0,0,0
SEP_2_0208,R_PTWhr9HamgDSGTD,spring_2019,2019-04-29,2019,2018-2019,spring,98,2019-01-22,2,0.16666666666666666,0.5,0.5555555555555556,8,5,7,5,4,5,8,8,1,2,8,7,5,8,8,4,6,6,1,6,3,3,3,5,7,1,8,7,1,7,3,3,1,1,1,1,0,1,0,0,0,1,0,0,1,0,0,0,0,1,0,0,0,0,0,0,0,0,0,0,1,0,0,1
SEP_2_0209,R_296OITob5SS4SNs,spring_2019,2019-04-29,2019,2018-2019,spring,98,2019-01-22,2,0.4444444444444444,0.42857142857142855,0.7777777777777778,8,5,5,5,5,7,1,3,2,2,7,2,3,8,5,6,5,3,8,5,1,3,5,4,8,7,7,1,1,7,5,6,1,1,0,1,0,0,0,0,0,1,1,1,0,0,1,0,0,0,1,0,0,0,1,0,1,0,1,1,1,0,1,0
SEP_2_0210,R_6yP1eO2SCinirfP,spring_2019,2019-04-30,2019,2018-2019,spring,99,2019-01-22,2,0.2777777777777778,0.5714285714285714,0.7222222222222222,7,5,7,5,6,6,6,7,5,2,8,2,3,3,8,6,2,5,8,3,6,7,1,4,3,6,8,2,3,3,6,3,0,1,1,1,0,0,1,1,1,1,0,1,0,0,0,0,0,0,1,0,1,1,0,0,0,1,0,0,0,0,0,1
SEP_2_0211,R_29h78i3ZKlW886F,spring_2019,2019-04-30,2019,2018-2019,spring,99,2019-01-22,2,0.4444444444444444,0.6428571428571429,0.9444444444444444,8,5,7,5,5,1,6,7,2,2,7,2,2,5,5,6,8,6,8,4,1,3,3,3,4,5,7,1,1,1,8,3,1,1,1,1,0,0,1,1,0,1,1,1,0,0,1,0,0,1,1,0,0,0,0,0,0,0,1,1,1,1,0,1
SEP_2_0212,R_1BReyoEeBgbrIK5,spring_2019,2019-04-30,2019,2018-2019,spring,99,2019-01-22,2,0.6111111111111112,0.5714285714285714,1.0555555555555556,8,5,2,5,5,8,6,7,2,2,7,2,3,5,5,6,7,6,8,3,6,3,1,6,3,6,7,1,1,1,3,3,1,1,0,1,0,0,1,1,0,1,1,1,0,0,1,0,0,1,1,0,1,0,0,1,0,1,1,1,1,1,0,1
SEP_2_0213,R_3dFYfy0Wah9ZuRT,spring_2019,2019-04-30,2019,2018-2019,spring,99,2019-01-22,2,0.4444444444444444,0.5714285714285714,0.8888888888888888,8,5,5,4,4,7,6,7,5,2,7,2,3,3,5,6,7,6,1,5,6,3,5,3,3,1,7,1,1,7,1,3,1,1,0,0,0,0,1,1,1,1,1,1,0,0,1,0,0,1,0,0,1,0,1,0,0,0,1,1,1,0,0,1
SEP_2_0214,R_1mJjvEMxKBSWNLt,spring_2019,2019-04-30,2019,2018-2019,spring,99,2019-01-22,2,0.3333333333333333,0.5,0.7222222222222222,8,5,5,5,1,6,6,4,5,2,7,4,3,5,1,6,3,6,8,5,6,3,3,7,4,6,6,7,7,7,5,2,1,1,0,1,0,0,1,0,1,1,1,0,0,0,0,0,1,1,1,0,1,0,0,0,0,1,0,0,0,0,1,0
SEP_2_0215,R_1PbkPCnnj4YIpOn,spring_2019,2019-05-01,2019,2018-2019,spring,100,2019-01-22,2,0.2777777777777778,0.35714285714285715,0.5555555555555556,8,5,6,5,8,1,6,2,4,2,8,3,4,7,1,2,2,5,5,3,1,3,5,4,5,6,7,1,7,7,7,3,1,1,0,1,0,0,1,0,0,1,0,0,0,0,0,0,0,0,0,0,0,0,1,0,0,1,1,1,0,0,0,1
SEP_2_0216,R_3mgG0GlgBTqOy1l,spring_2019,2019-05-01,2019,2018-2019,spring,100,2019-01-22,2,0.4444444444444444,0.42857142857142855,0.7777777777777778,8,5,6,5,2,1,1,6,5,2,7,6,3,5,5,4,4,6,7,5,3,3,5,6,6,7,7,1,1,7,5,4,1,1,0,1,0,0,0,0,1,1,1,0,0,0,1,0,0,1,0,0,0,0,1,1,0,0,1,1,1,0,1,0
SEP_2_0217,R_1M0NdshS6hSCtaS,spring_2019,2019-05-01,2019,2018-2019,spring,100,2019-01-22,2,0.3333333333333333,0.5,0.7222222222222222,8,5,1,5,6,3,6,6,5,2,8,2,3,3,8,6,5,5,8,5,3,3,5,7,8,1,7,2,1,7,8,3,1,1,0,1,0,0,1,0,1,1,0,1,0,0,0,0,0,0,1,0,0,0,1,0,1,0,1,0,1,0,0,1
SEP_2_0218,R_3KYCVsG8IVWW1eP,spring_2019,2019-05-01,2019,2018-2019,spring,100,2019-01-22,2,0.7222222222222222,0.5714285714285714,1.1666666666666667,8,5,7,5,6,1,6,2,2,2,7,2,3,8,5,6,3,6,1,4,6,7,5,6,8,6,7,1,7,7,5,3,1,1,1,1,0,0,1,0,0,1,1,1,0,0,1,0,1,1,0,0,1,1,1,1,1,1,1,1,0,0,1,1
SEP_2_0219,R_1lzAMSAwpzlqLHE,spring_2019,2019-05-01,2019,2018-2019,spring,100,2019-01-22,2,0.7222222222222222,0.6428571428571429,1.2222222222222223,8,5,1,5,1,1,6,8,2,2,7,2,5,6,5,6,5,6,8,3,6,7,5,6,8,6,7,2,1,1,1,3,1,1,0,1,0,0,1,0,0,1,1,1,1,1,1,0,0,1,1,0,1,1,1,1,1,1,1,0,1,1,0,1
SEP_2_0220,R_1LBunc07MyanRat,spring_2019,2019-05-01,2019,2018-2019,spring,100,2019-01-22,2,0.3888888888888889,0.2857142857142857,0.6111111111111112,4,6,2,5,5,3,6,1,2,2,8,2,3,5,5,7,7,7,8,8,5,3,5,6,8,8,7,2,7,7,8,8,0,0,0,1,0,0,1,0,0,1,0,1,0,0,1,0,0,0,1,1,0,0,1,1,1,0,1,0,0,0,0,0
SEP_2_0221,R_116NslU0b97FKl0,spring_2019,2019-05-02,2019,2018-2019,spring,101,2019-01-22,2,0.1111111111111111,0.35714285714285715,0.3888888888888889,3,5,5,5,7,2,1,8,2,2,7,4,4,5,4,7,2,6,5,7,8,2,1,4,7,8,1,2,7,5,7,3,0,1,0,1,1,0,0,0,0,1,1,0,0,0,0,0,0,1,0,0,0,0,0,0,0,0,0,0,0,0,0,1
SEP_2_0222,R_2Bhwf417sCxmCUs,spring_2019,2019-05-02,2019,2018-2019,spring,101,2019-01-22,2,0.7222222222222222,0.5714285714285714,1.1666666666666667,8,5,7,5,5,7,1,7,2,2,8,2,5,7,1,2,6,6,8,8,6,7,5,6,8,1,1,1,1,1,5,3,1,1,1,1,0,0,0,1,0,1,0,1,1,0,0,0,0,1,1,1,1,1,1,1,1,0,0,1,1,1,1,1
SEP_2_0223,R_0STb4zIa9brW5eF,spring_2019,2019-05-03,2019,2018-2019,spring,102,2019-01-22,2,0.05555555555555555,0.14285714285714285,0.16666666666666666,6,3,4,3,6,2,4,6,4,7,3,2,5,8,6,2,1,7,4,6,5,3,4,8,7,2,8,1,5,3,3,7,0,0,0,0,0,0,0,0,0,0,0,1,1,0,0,0,0,0,0,0,0,0,0,0,0,0,0,1,0,0,0,0
SEP_2_0224,R_23fokzOsGYVfQm7,spring_2019,2019-05-03,2019,2018-2019,spring,102,2019-01-22,2,0.2777777777777778,0.2857142857142857,0.5,8,5,1,5,4,3,8,1,8,8,8,1,5,1,8,2,6,6,8,4,3,7,3,5,8,7,8,7,7,7,8,3,1,1,0,1,0,0,0,0,0,0,0,0,1,0,0,0,0,1,1,0,0,1,0,0,1,0,0,0,0,0,0,1
SEP_2_0225,R_216g7qmPDOheHmU,spring_2019,2019-05-03,2019,2018-2019,spring,102,2019-01-22,2,0.2222222222222222,0.42857142857142855,0.5555555555555556,8,5,5,5,6,7,8,7,5,2,8,7,3,7,5,7,8,3,8,3,1,7,3,8,5,4,1,7,7,5,8,3,1,1,0,1,0,0,0,1,1,1,0,0,0,0,1,0,0,0,1,0,0,1,0,0,0,0,0,0,0,0,0,1
SEP_2_0226,R_3ezgGmifMGu32mx,spring_2019,2019-05-03,2019,2018-2019,spring,102,2019-01-22,2,0.2777777777777778,0.42857142857142855,0.6111111111111112,8,5,8,5,4,7,4,7,2,2,7,7,2,7,1,1,4,7,1,6,5,3,3,3,8,6,7,7,1,1,1,2,1,1,0,1,0,0,0,1,0,1,1,0,0,0,0,0,0,0,0,0,0,0,0,0,1,1,1,0,1,1,0,0
SEP_2_0227,R_agVRFf1MZu8O97r,summer-8_2019,2019-07-02,2019,2018-2019,summer-8,32,2019-06-01,2,0.2222222222222222,0.42857142857142855,0.5555555555555556,8,6,4,5,1,3,6,4,2,2,7,4,5,3,5,6,1,3,7,3,6,4,3,6,7,7,1,7,7,7,1,3,1,0,0,1,0,0,1,0,0,1,1,0,1,0,1,0,0,0,0,0,1,0,0,1,0,0,0,0,0,0,0,1
SEP_2_0228,R_3gSJwbstVdiVp8N,summer-8_2019,2019-07-02,2019,2018-2019,summer-8,32,2019-06-01,2,0.3333333333333333,0.6428571428571429,0.8333333333333334,8,5,7,5,1,1,4,1,5,2,7,2,5,8,1,7,2,2,5,1,6,8,1,4,8,8,7,1,1,8,8,3,1,1,1,1,0,0,0,0,1,1,1,1,1,0,0,0,0,0,0,0,1,0,0,0,1,0,1,1,1,0,0,1
SEP_2_0229,R_s81R0Zcv3JxBfj3,summer-8_2019,2019-07-02,2019,2018-2019,summer-8,32,2019-06-01,2,0.3888888888888889,0.5,0.7777777777777778,8,5,5,5,5,5,6,2,2,2,7,7,3,3,5,1,8,7,8,3,6,7,5,4,3,6,6,2,7,7,5,7,1,1,0,1,0,1,1,0,0,1,1,0,0,0,1,0,0,0,1,0,1,1,1,0,0,1,0,0,0,0,1,0
SEP_2_0230,R_QcZdIBP8bvzrnMJ,summer-8_2019,2019-07-02,2019,2018-2019,summer-8,32,2019-06-01,2,0.16666666666666666,0.35714285714285715,0.4444444444444444,1,5,2,5,6,2,1,6,5,6,7,4,7,6,5,5,1,7,1,6,7,6,5,2,2,2,8,7,7,1,6,5,0,1,0,1,0,0,0,0,1,0,1,0,0,1,1,0,0,0,0,0,0,0,1,0,0,0,0,0,0,1,0,0
SEP_2_0231,R_cNt4lkCxjPGfbxL,summer-8_2019,2019-07-02,2019,2018-2019,summer-8,32,2019-06-01,2,0.16666666666666666,0.5714285714285714,0.6111111111111112,8,5,5,5,7,1,6,7,4,2,7,6,8,8,5,6,8,3,1,4,6,3,3,4,7,6,8,2,7,7,3,2,1,1,0,1,1,0,1,1,0,1,1,0,0,0,1,0,0,0,0,0,1,0,0,0,0,1,0,0,0,0,0,0
SEP_2_0232,R_3CZXX427MK396yG,fall_2019,2019-09-24,2019,2019-2020,fall,21,2019-09-04,2,0.8333333333333334,0.5,1.2222222222222223,7,5,1,5,5,1,6,7,2,2,7,8,5,8,5,6,3,6,8,8,6,7,3,4,8,6,7,1,1,1,5,3,0,1,0,1,0,0,1,1,0,1,1,0,1,0,1,0,1,1,1,1,1,1,0,0,1,1,1,1,1,1,1,1
SEP_2_0233,R_Tue77KBL9w4rhF7,fall_2019,2019-09-26,2019,2019-2020,fall,23,2019-09-04,2,0.4444444444444444,0.5,0.8333333333333334,8,5,1,5,1,5,6,1,3,2,8,2,3,7,8,8,2,5,8,8,1,7,1,4,7,6,7,1,5,1,8,6,1,1,0,1,0,1,1,0,0,1,0,1,0,0,0,1,0,0,1,1,0,1,0,0,0,1,1,1,0,1,0,0
SEP_2_0234,R_27Cft4mSetJlIKW,fall_2019,2019-09-26,2019,2019-2020,fall,23,2019-09-04,2,0.7222222222222222,0.6428571428571429,1.2222222222222223,8,5,7,5,5,6,6,7,2,2,8,2,5,5,5,6,2,6,8,8,6,7,1,4,8,6,7,1,1,1,1,3,1,1,1,1,0,0,1,1,0,1,0,1,1,0,1,0,0,1,1,1,1,1,0,0,1,1,1,1,1,1,0,1
SEP_2_0235,R_d4jON2i0h0ZHORb,fall_2019,2019-09-27,2019,2019-2020,fall,24,2019-09-04,2,0.7222222222222222,0.7142857142857143,1.2777777777777777,8,5,7,5,5,6,6,7,2,2,7,2,5,7,5,6,3,5,1,8,6,7,5,7,8,6,7,1,7,1,5,3,1,1,1,1,0,0,1,1,0,1,1,1,1,0,1,0,1,0,0,1,1,1,1,0,1,1,1,1,0,1,1,1
SEP_2_0236,R_2vctTzn0X8zC67V,fall_2019,2019-09-27,2019,2019-2020,fall,24,2019-09-04,2,0.6666666666666666,0.6428571428571429,1.1666666666666667,8,5,3,5,5,1,6,7,5,2,8,2,3,6,5,6,3,6,8,8,6,3,5,7,8,1,7,4,1,7,5,3,1,1,0,1,0,0,1,1,1,1,0,1,0,1,1,0,1,1,1,1,1,0,1,0,1,0,1,0,1,0,1,1
SEP_2_0237,R_2DY5VmkP5H1T7Np,fall_2019,2019-10-02,2019,2019-2020,fall,29,2019-09-04,2,0.3888888888888889,0.6428571428571429,0.8888888888888888,7,5,7,5,5,5,6,7,2,2,7,2,3,7,5,6,7,5,1,4,6,3,1,7,4,6,7,1,5,7,5,3,0,1,1,1,0,1,1,1,0,1,1,1,0,0,1,0,0,0,0,0,1,0,0,0,0,1,1,1,0,0,1,1
SEP_2_0238,R_2OSVnIY42lFriY9,fall_2019,2019-10-03,2019,2019-2020,fall,30,2019-09-04,2,0.6111111111111112,0.6428571428571429,1.1111111111111112,8,5,1,5,5,3,6,7,2,2,7,2,3,6,5,6,3,5,1,8,1,7,5,4,8,6,7,1,7,7,5,3,1,1,0,1,0,0,1,1,0,1,1,1,0,1,1,0,1,0,0,1,0,1,1,0,1,1,1,1,0,0,1,1
SEP_2_0239,R_2B54vKRGcljpNCZ,fall_2019,2019-10-04,2019,2019-2020,fall,31,2019-09-04,2,0.6111111111111112,0.7857142857142857,1.2222222222222223,8,5,7,5,7,6,6,7,5,2,8,2,3,6,5,6,3,5,7,8,6,3,5,4,8,6,7,2,1,7,5,3,1,1,1,1,1,0,1,1,1,1,0,1,0,1,1,0,1,0,0,1,1,0,1,0,1,1,1,0,1,0,1,1
SEP_2_0240,R_wWQGF0H1v3qtYZj,fall_2019,2019-10-04,2019,2019-2020,fall,31,2019-09-04,2,0.3888888888888889,0.5,0.7777777777777778,8,5,7,5,6,6,6,1,2,2,8,7,5,2,8,7,7,6,2,3,3,3,5,4,8,6,7,1,7,7,5,1,1,1,1,1,0,0,1,0,0,1,0,0,1,0,0,0,0,1,0,0,0,0,1,0,1,1,1,1,0,0,1,0
SEP_2_0241,R_SJn9QspY40Cy1JD,fall_2019,2019-10-08,2019,2019-2020,fall,35,2019-09-04,2,0.5555555555555556,0.6428571428571429,1.0555555555555556,8,5,7,5,7,3,6,7,2,2,7,7,3,4,5,6,3,6,8,8,4,3,5,6,3,6,7,7,7,7,1,3,1,1,1,1,1,0,1,1,0,1,1,0,0,0,1,0,1,1,1,1,0,0,1,1,0,1,1,0,0,0,0,1
SEP_2_0242,R_33CDScb0vTeKHm8,fall_2019,2019-10-08,2019,2019-2020,fall,35,2019-09-04,2,0.7777777777777778,0.7857142857142857,1.3888888888888888,8,7,7,5,7,6,6,7,5,2,7,2,3,6,5,6,3,6,8,8,6,7,3,4,8,1,7,1,1,1,5,3,1,0,1,1,1,0,1,1,1,1,1,1,0,1,1,0,1,1,1,1,1,1,0,0,1,0,1,1,1,1,1,1
SEP_2_0243,R_1rwf27xQUJwRTxo,fall_2019,2019-10-09,2019,2019-2020,fall,36,2019-09-04,2,0.7222222222222222,0.6428571428571429,1.2222222222222223,8,5,7,5,5,6,6,2,2,2,7,2,7,6,5,6,3,6,2,8,6,3,5,7,8,6,7,1,1,7,5,3,1,1,1,1,0,0,1,0,0,1,1,1,0,1,1,0,1,1,0,1,1,0,1,0,1,1,1,1,1,0,1,1
SEP_2_0244,R_1H8IPSKhqL8Owo1,fall_2019,2019-10-09,2019,2019-2020,fall,36,2019-09-04,2,0.5555555555555556,0.7142857142857143,1.1111111111111112,8,5,1,5,7,4,6,2,2,2,7,2,5,6,5,6,3,6,8,8,6,3,5,4,3,6,7,7,7,7,4,3,1,1,0,1,1,0,1,0,0,1,1,1,1,1,1,0,1,1,1,1,1,0,1,0,0,1,1,0,0,0,0,1
SEP_2_0245,R_sGcvayeootLvL1f,fall_2019,2019-10-09,2019,2019-2020,fall,36,2019-09-04,2,0.7777777777777778,0.7142857142857143,1.3333333333333333,8,5,5,5,5,5,6,6,2,2,7,2,5,6,5,6,7,6,8,8,6,3,3,6,8,6,7,1,1,1,5,3,1,1,0,1,0,1,1,0,0,1,1,1,1,1,1,0,0,1,1,1,1,0,0,1,1,1,1,1,1,1,1,1
SEP_2_0246,R_3Ma6e0bnBQm5D8y,fall_2019,2019-10-10,2019,2019-2020,fall,37,2019-09-04,2,0.6666666666666666,0.6428571428571429,1.1666666666666667,8,5,7,5,5,5,6,6,2,2,7,5,3,6,5,6,5,6,8,5,6,7,5,4,7,6,7,1,1,7,5,3,1,1,1,1,0,1,1,0,0,1,1,0,0,1,1,0,0,1,1,0,1,1,1,0,0,1,1,1,1,0,1,1
SEP_2_0247,R_2yjcLgmh8Dj9Cr9,fall_2019,2019-10-10,2019,2019-2020,fall,37,2019-09-04,2,0.3333333333333333,0.35714285714285715,0.6111111111111112,8,5,5,5,5,1,6,2,2,2,8,1,3,5,8,6,2,6,7,6,6,3,5,7,4,6,1,2,7,7,5,3,1,1,0,1,0,0,1,0,0,1,0,0,0,0,0,0,0,1,0,0,1,0,1,0,0,1,0,0,0,0,1,1
SEP_2_0248,R_3lJFId72KfSjRoy,fall_2019,2019-10-10,2019,2019-2020,fall,37,2019-09-04,2,0.3333333333333333,0.5,0.7222222222222222,8,5,4,5,6,6,6,6,5,2,1,2,2,8,1,2,6,5,8,8,6,7,1,4,3,7,1,1,7,7,1,3,1,1,0,1,0,0,1,0,1,1,0,1,0,0,0,0,0,0,1,1,1,1,0,0,0,0,0,1,0,0,0,1
SEP_2_0249,R_1K3AIQrQ8wPP6Xb,fall_2019,2019-10-10,2019,2019-2020,fall,37,2019-09-04,2,0.9444444444444444,0.9285714285714286,1.6666666666666667,8,5,7,5,5,5,6,7,5,2,7,2,5,6,5,6,3,6,8,8,6,7,5,6,8,6,7,1,1,1,5,3,1,1,1,1,0,1,1,1,1,1,1,1,1,1,1,0,1,1,1,1,1,1,1,1,1,1,1,1,1,1,1,1
SEP_2_0250,R_R2AMcqlEtgzoGcx,fall_2019,2019-10-11,2019,2019-2020,fall,38,2019-09-04,2,0.8333333333333334,0.8571428571428571,1.5,8,5,7,5,5,5,6,7,5,2,7,2,3,6,5,6,3,6,8,8,6,3,5,4,8,6,7,1,1,1,5,3,1,1,1,1,0,1,1,1,1,1,1,1,0,1,1,0,1,1,1,1,1,0,1,0,1,1,1,1,1,1,1,1
SEP_2_0251,R_2y7PqpNfNrWW3pD,fall_2019,2019-10-11,2019,2019-2020,fall,38,2019-09-04,2,0.5,0.6428571428571429,1,8,5,7,5,7,6,6,7,2,8,7,2,7,1,2,4,3,1,1,4,6,3,5,7,8,1,7,2,1,1,5,3,1,1,1,1,1,0,1,1,0,0,1,1,0,0,0,0,1,0,0,0,1,0,1,0,1,0,1,0,1,1,1,1
SEP_2_0252,R_1jp8Se9flJDqYUg,fall_2019,2019-10-17,2019,2019-2020,fall,44,2019-09-04,2,0.8888888888888888,0.8571428571428571,1.5555555555555556,1,5,7,5,5,5,6,7,5,2,7,2,5,6,5,6,3,6,8,8,6,7,5,4,8,6,7,1,1,1,5,3,0,1,1,1,0,1,1,1,1,1,1,1,1,1,1,0,1,1,1,1,1,1,1,0,1,1,1,1,1,1,1,1
SEP_2_0253,R_XuDVFthI8CIzx3X,fall_2019,2019-10-17,2019,2019-2020,fall,44,2019-09-04,2,0.5555555555555556,0.7142857142857143,1.1111111111111112,8,5,7,5,5,7,6,5,5,2,7,2,5,7,5,6,7,6,8,8,6,7,1,6,3,6,1,1,1,7,8,6,1,1,1,1,0,0,1,0,1,1,1,1,1,0,1,0,0,1,1,1,1,1,0,1,0,1,0,1,1,0,0,0
SEP_2_0254,R_2rB1GR0E2hxvVNK,fall_2019,2019-10-18,2019,2019-2020,fall,45,2019-09-04,2,0.3888888888888889,0.5,0.7777777777777778,8,5,1,5,1,6,6,1,2,2,8,2,5,5,5,4,7,3,1,3,6,3,5,6,8,1,7,7,7,7,1,3,1,1,0,1,0,0,1,0,0,1,0,1,1,0,1,0,0,0,0,0,1,0,1,1,1,0,1,0,0,0,0,1
SEP_2_0255,R_2Bg4HmwCdCyQdI8,fall_2019,2019-10-18,2019,2019-2020,fall,45,2019-09-04,2,0.3333333333333333,0.2857142857142857,0.5555555555555556,8,5,1,5,8,7,1,2,2,2,8,3,4,5,5,7,2,3,8,3,5,3,5,4,6,7,8,1,1,2,5,7,1,1,0,1,0,0,0,0,0,1,0,0,0,0,1,0,0,0,1,0,0,0,1,0,0,0,0,1,1,0,1,0
SEP_2_0256,R_Pthi7bf6szt7mfL,fall_2019,2019-10-18,2019,2019-2020,fall,45,2019-09-04,2,0.05555555555555555,0.2857142857142857,0.2777777777777778,8,5,2,5,6,2,8,2,3,2,8,6,3,3,1,7,2,5,7,6,6,3,3,7,7,5,1,2,7,7,3,8,1,1,0,1,0,0,0,0,0,1,0,0,0,0,0,0,0,0,0,0,1,0,0,0,0,0,0,0,0,0,0,0
SEP_2_0257,R_CjkkNk8wQS0COLD,fall_2019,2019-10-22,2019,2019-2020,fall,49,2019-09-04,2,0.6111111111111112,0.2857142857142857,0.8333333333333334,8,5,5,4,6,3,4,1,2,2,1,1,5,4,5,7,2,6,8,4,6,7,5,6,1,8,7,1,1,1,6,8,1,1,0,0,0,0,0,0,0,1,0,0,1,0,1,0,0,1,1,0,1,1,1,1,0,0,1,1,1,1,0,0
SEP_2_0258,R_2DT9PTQfgTXivS0,fall_2019,2019-10-23,2019,2019-2020,fall,50,2019-09-04,2,0.5555555555555556,0.7142857142857143,1.1111111111111112,8,5,1,5,7,5,6,3,5,2,7,2,3,8,5,6,3,6,1,5,1,3,3,4,8,6,7,1,1,7,5,3,1,1,0,1,1,1,1,0,1,1,1,1,0,0,1,0,1,1,0,0,0,0,0,0,1,1,1,1,1,0,1,1
SEP_2_0259,R_r28qQDqshwaaN4l,fall_2019,2019-10-24,2019,2019-2020,fall,51,2019-09-04,2,0.6111111111111112,0.7857142857142857,1.2222222222222223,8,5,5,5,5,5,6,7,5,2,7,2,3,6,8,6,3,6,7,8,6,3,1,6,8,6,7,1,5,7,5,3,1,1,0,1,0,1,1,1,1,1,1,1,0,1,0,0,1,1,0,1,1,0,0,1,1,1,1,1,0,0,1,1
SEP_2_0260,R_1Hhiy8OorwIr1xx,fall_2019,2019-10-24,2019,2019-2020,fall,51,2019-09-04,2,0.5555555555555556,0.5,0.9444444444444444,8,5,8,5,6,6,6,6,2,2,7,8,4,6,5,6,7,6,1,8,6,3,5,4,8,6,7,2,7,1,1,3,1,1,0,1,0,0,1,0,0,1,1,0,0,1,1,0,0,1,0,1,1,0,1,0,1,1,1,0,0,1,0,1
SEP_2_0261,R_afUZBHjpm0R2dsB,fall_2019,2019-10-24,2019,2019-2020,fall,51,2019-09-04,2,0.2777777777777778,0.42857142857142855,0.6111111111111112,8,5,1,5,7,3,1,2,2,6,7,1,5,8,5,7,8,5,7,2,8,7,1,1,6,1,7,7,1,2,5,5,1,1,0,1,1,0,0,0,0,0,1,0,1,0,1,0,0,0,0,0,0,1,0,0,0,0,1,0,1,0,1,0
SEP_2_0262,R_QiezjfAW1YFK3yV,fall_2019,2019-10-25,2019,2019-2020,fall,52,2019-09-04,2,0.5,0.35714285714285715,0.7777777777777778,8,5,5,5,6,1,6,6,2,2,8,3,3,7,5,6,6,6,8,6,6,7,8,7,3,6,7,1,7,7,1,3,1,1,0,1,0,0,1,0,0,1,0,0,0,0,1,0,0,1,1,0,1,1,0,0,0,1,1,1,0,0,0,1
SEP_2_0263,R_307a5rMve54iqUH,fall_2019,2019-10-25,2019,2019-2020,fall,52,2019-09-04,2,0.2777777777777778,0.42857142857142855,0.6111111111111112,7,5,8,5,7,6,6,4,2,2,7,8,3,8,8,2,2,6,1,7,6,3,3,7,8,1,1,1,7,1,4,2,0,1,0,1,1,0,1,0,0,1,1,0,0,0,0,0,0,1,0,0,1,0,0,0,1,0,0,1,0,1,0,0
SEP_2_0264,R_3it1mK3zlqig9dz,fall_2019,2019-10-25,2019,2019-2020,fall,52,2019-09-04,2,0.16666666666666666,0.35714285714285715,0.4444444444444444,8,5,8,4,7,5,2,5,2,2,1,7,3,5,6,7,8,7,4,5,8,7,2,4,4,1,7,2,7,3,5,4,1,1,0,0,1,1,0,0,0,1,0,0,0,0,0,0,0,0,0,0,0,1,0,0,0,0,1,0,0,0,1,0
SEP_2_0265,R_NXcJX6AaUbcob6x,fall_2019,2019-10-25,2019,2019-2020,fall,52,2019-09-04,2,0.3888888888888889,0.5,0.7777777777777778,8,5,5,5,3,2,6,7,2,2,7,7,2,5,5,6,2,6,8,4,6,7,5,4,2,1,7,2,5,7,8,2,1,1,0,1,0,0,1,1,0,1,1,0,0,0,1,0,0,1,1,0,1,1,1,0,0,0,1,0,0,0,0,0
SEP_2_0266,R_UFLWNDjadpmP1XH,fall_2019,2019-10-25,2019,2019-2020,fall,52,2019-09-04,2,0.6666666666666666,0.5,1.0555555555555556,8,5,1,5,6,4,6,7,2,2,8,1,5,5,5,6,3,6,8,8,6,3,5,3,4,6,7,1,1,7,5,1,1,1,0,1,0,0,1,1,0,1,0,0,1,0,1,0,1,1,1,1,1,0,1,0,0,1,1,1,1,0,1,0
SEP_2_0267,R_2QJvbEk2zhX3rEg,fall_2019,2019-10-25,2019,2019-2020,fall,52,2019-09-04,2,0.6666666666666666,0.5714285714285714,1.1111111111111112,8,5,1,5,6,6,6,1,2,2,7,2,5,5,5,6,5,6,8,8,6,7,5,4,3,6,7,1,7,7,5,3,1,1,0,1,0,0,1,0,0,1,1,1,1,0,1,0,0,1,1,1,1,1,1,0,0,1,1,1,0,0,1,1
SEP_2_0268,R_2aIHVmVkbowyEdf,fall_2019,2019-10-29,2019,2019-2020,fall,56,2019-09-04,2,0.16666666666666666,0.5714285714285714,0.6111111111111112,8,5,7,5,7,3,6,4,5,2,1,5,8,8,8,2,8,7,8,8,4,3,1,4,8,7,1,7,7,2,8,6,1,1,1,1,1,0,1,0,1,1,0,0,0,0,0,0,0,0,1,1,0,0,0,0,1,0,0,0,0,0,0,0
SEP_2_0269,R_1OklqvpwUf4Z5cW,fall_2019,2019-10-30,2019,2019-2020,fall,57,2019-09-04,2,0.2777777777777778,0.5,0.6666666666666666,8,5,1,5,6,2,6,8,5,2,8,3,4,6,5,2,2,5,7,3,1,7,1,4,8,3,1,1,7,1,3,2,1,1,0,1,0,0,1,0,1,1,0,0,0,1,1,0,0,0,0,0,0,1,0,0,1,0,0,1,0,1,0,0
SEP_2_0270,R_3PFWaKw58fHipdP,fall_2019,2019-10-30,2019,2019-2020,fall,57,2019-09-04,2,0.6666666666666666,0.35714285714285715,0.9444444444444444,8,5,5,5,5,8,6,4,2,2,8,4,6,5,8,6,3,6,8,8,6,7,1,4,8,7,7,1,7,1,5,3,1,1,0,1,0,0,1,0,0,1,0,0,0,0,0,0,1,1,1,1,1,1,0,0,1,0,1,1,0,1,1,1
SEP_2_0271,R_3RqjTMeJPps4HvI,fall_2019,2019-10-30,2019,2019-2020,fall,57,2019-09-04,2,0.2222222222222222,0.21428571428571427,0.3888888888888889,8,5,7,2,5,1,1,1,4,8,8,4,2,7,1,7,6,8,8,3,6,3,1,4,2,6,7,2,7,7,4,6,1,1,1,0,0,0,0,0,0,0,0,0,0,0,0,0,0,0,1,0,1,0,0,0,0,1,1,0,0,0,0,0
SEP_2_0272,R_2ErTiEq4RWymaRM,fall_2019,2019-10-31,2019,2019-2020,fall,58,2019-09-04,2,0.7222222222222222,0.5714285714285714,1.1666666666666667,8,5,4,5,5,1,6,2,5,2,7,7,5,2,5,6,3,6,8,8,6,3,1,3,6,6,7,1,1,1,5,3,1,1,0,1,0,0,1,0,1,1,1,0,1,0,1,0,1,1,1,1,1,0,0,0,0,1,1,1,1,1,1,1
SEP_2_0273,R_1pT2SPllyBKFRoQ,fall_2019,2019-10-31,2019,2019-2020,fall,58,2019-09-04,2,0.1111111111111111,0.35714285714285715,0.3888888888888889,8,5,1,5,3,4,8,4,5,3,6,5,7,6,1,7,2,3,3,4,4,5,1,3,7,6,8,5,4,5,5,6,1,1,0,1,0,0,0,0,1,0,0,0,0,1,0,0,0,0,0,0,0,0,0,0,0,1,0,0,0,0,1,0
SEP_2_0274,R_2e9jShdGmFr2fSJ,fall_2019,2019-10-31,2019,2019-2020,fall,58,2019-09-04,2,0.3333333333333333,0.5,0.7222222222222222,8,5,5,5,6,1,6,3,2,2,7,2,3,5,5,6,2,5,7,8,6,3,5,7,7,1,1,1,5,7,7,3,1,1,0,1,0,0,1,0,0,1,1,1,0,0,1,0,0,0,0,1,1,0,1,0,0,0,0,1,0,0,0,1
SEP_2_0275,R_3EGzJWpRXWSUEka,fall_2019,2019-11-01,2019,2019-2020,fall,59,2019-09-04,2,0.3888888888888889,0.42857142857142855,0.7222222222222222,8,5,1,5,4,6,6,1,2,2,7,4,6,7,5,6,5,6,5,8,5,3,3,6,8,6,7,2,5,7,1,1,1,1,0,1,0,0,1,0,0,1,1,0,0,0,1,0,0,1,0,1,0,0,0,1,1,1,1,0,0,0,0,0
SEP_2_0276,R_u3xStIxzy4OkhS9,fall_2019,2019-11-01,2019,2019-2020,fall,59,2019-09-04,2,0.16666666666666666,0.2857142857142857,0.3888888888888889,8,5,7,4,2,1,4,4,3,2,1,6,2,7,5,2,5,6,5,4,8,3,1,7,2,8,1,1,7,7,3,6,1,1,1,0,0,0,0,0,0,1,0,0,0,0,1,0,0,1,0,0,0,0,0,0,0,0,0,1,0,0,0,0
SEP_2_0277,R_1QJGcU05NxWwLHn,fall_2019,2019-11-01,2019,2019-2020,fall,59,2019-09-04,2,0.6666666666666666,0.5714285714285714,1.1111111111111112,8,5,7,5,5,6,1,2,2,2,7,2,4,6,5,6,7,6,8,8,6,7,5,6,8,6,7,7,1,7,1,1,1,1,1,1,0,0,0,0,0,1,1,1,0,1,1,0,0,1,1,1,1,1,1,1,1,1,1,0,1,0,0,0
SEP_2_0278,R_2Ei7reYPJUyL8gl,fall_2019,2019-11-01,2019,2019-2020,fall,59,2019-09-04,2,0.6666666666666666,0.7142857142857143,1.2222222222222223,8,5,7,5,7,7,6,4,2,2,7,2,3,6,5,6,3,6,1,8,6,7,1,7,8,6,7,1,1,1,6,6,1,1,1,1,1,0,1,0,0,1,1,1,0,1,1,0,1,1,0,1,1,1,0,0,1,1,1,1,1,1,0,0
SEP_2_0279,R_D6tlLjSTB88VL8Z,fall_2019,2019-11-01,2019,2019-2020,fall,59,2019-09-04,2,0.3333333333333333,0.42857142857142855,0.6666666666666666,8,5,4,5,5,4,1,1,2,2,7,6,5,8,5,1,2,3,1,4,6,7,1,4,2,6,7,2,7,3,5,6,1,1,0,1,0,0,0,0,0,1,1,0,1,0,1,0,0,0,0,0,1,1,0,0,0,1,1,0,0,0,1,0
SEP_2_0280,R_ctDxNrwoFgJ77e9,fall_2019,2019-11-04,2019,2019-2020,fall,62,2019-09-04,2,0.16666666666666666,0.07142857142857142,0.2222222222222222,1,2,1,8,6,6,3,1,5,3,3,8,3,7,5,6,5,5,2,3,4,3,3,3,8,5,6,7,7,3,5,6,0,0,0,0,0,0,0,0,1,0,0,0,0,0,1,0,0,0,0,0,0,0,0,0,1,0,0,0,0,0,1,0
SEP_2_0281,R_2t9VwYWDuv0DqU8,fall_2019,2019-11-05,2019,2019-2020,fall,63,2019-09-04,2,0.4444444444444444,0.5,0.8333333333333334,8,5,3,5,4,6,6,4,5,1,7,4,5,1,1,6,3,6,7,8,3,3,5,7,7,3,7,1,7,3,5,3,1,1,0,1,0,0,1,0,1,0,1,0,1,0,0,0,1,1,0,1,0,0,1,0,0,0,1,1,0,0,1,1
SEP_2_0282,R_6seQ8zfLzCk9UNH,fall_2019,2019-11-05,2019,2019-2020,fall,63,2019-09-04,2,0.4444444444444444,0.6428571428571429,0.9444444444444444,8,5,7,5,3,1,6,7,2,2,7,5,5,7,8,6,5,6,1,3,6,3,1,7,8,3,7,1,1,1,3,3,1,1,1,1,0,0,1,1,0,1,1,0,1,0,0,0,0,1,0,0,1,0,0,0,1,0,1,1,1,1,0,1
SEP_2_0283,R_2txPCOszBh8RPId,fall_2019,2019-11-06,2019,2019-2020,fall,64,2019-09-04,2,0.2777777777777778,0.5714285714285714,0.7222222222222222,8,5,8,5,4,7,6,6,2,2,7,2,7,6,8,4,1,5,7,8,6,3,1,7,6,4,7,1,1,7,6,2,1,1,0,1,0,0,1,0,0,1,1,1,0,1,0,0,0,0,0,1,1,0,0,0,0,0,1,1,1,0,0,0
SEP_2_0284,R_1nUTFH5Qgkmlrea,fall_2019,2019-11-06,2019,2019-2020,fall,64,2019-09-04,2,0.8888888888888888,0.8571428571428571,1.5555555555555556,8,5,7,5,5,5,6,7,5,2,7,2,4,6,5,6,3,6,8,8,6,3,5,6,8,6,7,1,1,1,5,3,1,1,1,1,0,1,1,1,1,1,1,1,0,1,1,0,1,1,1,1,1,0,1,1,1,1,1,1,1,1,1,1
SEP_2_0285,R_2Bs2qtyaaZX5F8K,fall_2019,2019-11-07,2019,2019-2020,fall,65,2019-09-04,2,0.6111111111111112,0.5714285714285714,1.0555555555555556,8,5,6,5,4,6,6,7,1,2,1,2,3,6,5,6,7,6,8,8,1,7,5,6,7,6,1,2,7,1,5,3,1,1,0,1,0,0,1,1,0,1,0,1,0,1,1,0,0,1,1,1,0,1,1,1,0,1,0,0,0,1,1,1
SEP_2_0286,R_3KBDZjSHdZBKu0u,fall_2019,2019-11-07,2019,2019-2020,fall,65,2019-09-04,2,0.3888888888888889,0.5714285714285714,0.8333333333333334,8,5,3,5,6,5,6,1,2,2,8,2,5,7,5,6,3,5,7,8,3,4,3,7,8,1,7,7,8,5,5,3,1,1,0,1,0,1,1,0,0,1,0,1,1,0,1,0,1,0,0,1,0,0,0,0,1,0,1,0,0,0,1,1
SEP_2_0287,R_3Op6kIqZrjiKYil,fall_2019,2019-11-07,2019,2019-2020,fall,65,2019-09-04,2,0.16666666666666666,0.35714285714285715,0.4444444444444444,8,5,4,5,4,5,4,4,2,2,1,7,4,3,1,7,7,5,7,6,7,3,1,6,5,7,8,1,7,3,5,8,1,1,0,1,0,1,0,0,0,1,0,0,0,0,0,0,0,0,0,0,0,0,0,1,0,0,0,1,0,0,1,0
SEP_2_0288,R_3G3Clj7aUIwDOjt,fall_2019,2019-11-08,2019,2019-2020,fall,66,2019-09-04,2,0.5555555555555556,0.42857142857142855,0.8888888888888888,8,5,4,4,8,3,1,6,5,2,7,2,3,5,8,6,3,2,8,8,6,3,5,4,8,6,7,2,7,7,5,3,1,1,0,0,0,0,0,0,1,1,1,1,0,0,0,0,1,0,1,1,1,0,1,0,1,1,1,0,0,0,1,1
SEP_2_0289,R_3GlcNnmoNWEXsuN,fall_2019,2019-11-08,2019,2019-2020,fall,66,2019-09-04,2,0.2777777777777778,0.07142857142857142,0.3333333333333333,3,3,4,7,4,7,7,2,2,3,2,8,4,6,5,5,3,5,7,4,6,7,1,6,7,2,2,2,7,8,3,8,0,0,0,0,0,0,0,0,0,0,0,0,0,1,1,0,1,0,0,0,1,1,0,1,0,0,0,0,0,0,0,0
SEP_2_0290,R_3HSIiYqKd3RyTPD,fall_2019,2019-11-08,2019,2019-2020,fall,66,2019-09-04,2,0.4444444444444444,0.35714285714285715,0.7222222222222222,8,5,5,5,6,1,1,4,2,2,7,6,3,5,5,7,5,6,7,8,6,3,3,6,6,7,7,1,7,7,6,3,1,1,0,1,0,0,0,0,0,1,1,0,0,0,1,0,0,1,0,1,1,0,0,1,0,0,1,1,0,0,0,1
SEP_2_0291,R_2s5vZzzWoHi2Agr,fall_2019,2019-11-08,2019,2019-2020,fall,66,2019-09-04,2,0.2777777777777778,0.42857142857142855,0.6111111111111112,8,5,5,5,5,8,6,4,1,2,1,5,5,8,8,3,1,6,8,4,6,3,1,4,4,7,7,7,7,7,6,3,1,1,0,1,0,0,1,0,0,1,0,0,1,0,0,0,0,1,1,0,1,0,0,0,0,0,1,0,0,0,0,1
SEP_2_0292,R_3m3oiRgUrMswaX7,fall_2019,2019-11-08,2019,2019-2020,fall,66,2019-09-04,2,0.4444444444444444,0.35714285714285715,0.7222222222222222,8,5,5,5,6,6,4,2,2,2,8,6,5,7,5,6,3,5,8,8,1,7,1,2,8,6,6,1,7,7,4,6,1,1,0,1,0,0,0,0,0,1,0,0,1,0,1,0,1,0,1,1,0,1,0,0,1,1,0,1,0,0,0,0
SEP_2_0293,R_2SePhmY8Hzyh1Yq,fall_2019,2019-11-08,2019,2019-2020,fall,66,2019-09-04,2,1,0.8571428571428571,1.6666666666666667,8,5,7,5,1,5,6,7,5,2,7,2,4,6,5,8,3,6,8,8,6,7,5,6,8,6,7,1,1,1,5,3,1,1,1,1,0,1,1,1,1,1,1,1,0,1,1,1,1,1,1,1,1,1,1,1,1,1,1,1,1,1,1,1
SEP_2_0294,R_1N4SimQxImmL7PJ,fall_2019,2019-11-12,2019,2019-2020,fall,70,2019-09-04,2,0.6111111111111112,0.7142857142857143,1.1666666666666667,8,5,7,5,5,5,6,7,2,2,7,2,3,3,5,6,7,3,8,5,6,7,5,6,8,6,7,1,1,2,1,6,1,1,1,1,0,1,1,1,0,1,1,1,0,0,1,0,0,0,1,0,1,1,1,1,1,1,1,1,1,0,0,0
SEP_2_0295,R_1LAHNfHIjsMJl7H,fall_2019,2019-11-12,2019,2019-2020,fall,70,2019-09-04,2,0.5,0.5714285714285714,0.9444444444444444,8,5,7,5,5,6,6,6,2,2,7,2,3,2,5,1,8,6,8,3,6,3,5,4,7,6,7,1,1,7,1,6,1,1,1,1,0,0,1,0,0,1,1,1,0,0,1,0,0,1,1,0,1,0,1,0,0,1,1,1,1,0,0,0
SEP_2_0296,R_2DZSTpJx8B6u187,fall_2019,2019-11-13,2019,2019-2020,fall,71,2019-09-04,2,0.16666666666666666,0.35714285714285715,0.4444444444444444,8,5,4,5,6,7,6,5,3,1,7,6,3,5,5,1,3,3,2,4,3,3,3,4,8,8,1,8,7,7,8,2,1,1,0,1,0,0,1,0,0,0,1,0,0,0,1,0,1,0,0,0,0,0,0,0,1,0,0,0,0,0,0,0
SEP_2_0297,R_sNBP3IDlOAGIJkl,fall_2019,2019-11-13,2019,2019-2020,fall,71,2019-09-04,2,0.5,0.5714285714285714,0.9444444444444444,8,5,7,5,7,4,6,1,2,2,7,5,7,5,5,4,7,6,8,3,6,7,3,7,2,7,7,1,7,7,5,3,1,1,1,1,1,0,1,0,0,1,1,0,0,0,1,0,0,1,1,0,1,1,0,0,0,0,1,1,0,0,1,1
SEP_2_0298,R_29aZHYNXPNLoXEK,fall_2019,2019-11-13,2019,2019-2020,fall,71,2019-09-04,2,0.6666666666666666,0.5714285714285714,1.1111111111111112,8,5,7,5,4,6,6,7,2,2,1,2,3,8,5,6,3,6,8,3,6,7,5,4,3,6,7,1,7,7,5,3,1,1,1,1,0,0,1,1,0,1,0,1,0,0,1,0,1,1,1,0,1,1,1,0,0,1,1,1,0,0,1,1
SEP_2_0299,R_1optgpZHCSlZr8C,fall_2019,2019-11-14,2019,2019-2020,fall,72,2019-09-04,2,0.16666666666666666,0.07142857142857142,0.2222222222222222,4,8,8,7,7,2,7,6,3,4,2,5,7,4,2,3,7,6,1,1,2,7,5,7,6,4,2,2,4,6,8,4,0,0,0,0,1,0,0,0,0,0,0,0,0,0,0,0,0,1,0,0,0,1,1,0,0,0,0,0,0,0,0,0
SEP_2_0300,R_XGsQfwEjK3DDsFH,fall_2019,2019-11-15,2019,2019-2020,fall,73,2019-09-04,2,0.05555555555555555,0.35714285714285715,0.3333333333333333,8,4,7,1,5,1,6,6,2,2,7,3,8,3,5,4,6,5,3,2,7,8,3,1,7,4,6,4,3,7,6,4,1,0,1,0,0,0,1,0,0,1,1,0,0,0,1,0,0,0,0,0,0,0,0,0,0,0,0,0,0,0,0,0
SEP_2_0301,R_22Epvkb412Hee90,fall_2019,2019-11-15,2019,2019-2020,fall,73,2019-09-04,2,0.5,0.5,0.8888888888888888,8,5,7,5,6,1,6,6,8,2,7,4,3,5,5,6,7,7,8,8,1,3,5,7,8,6,7,1,7,7,3,3,1,1,1,1,0,0,1,0,0,1,1,0,0,0,1,0,0,0,1,1,0,0,1,0,1,1,1,1,0,0,0,1
SEP_2_0302,R_UEjyQhsb3OcJg3f,fall_2019,2019-11-15,2019,2019-2020,fall,73,2019-09-04,2,0.05555555555555555,0.42857142857142855,0.3888888888888889,8,5,1,5,2,4,6,8,2,2,7,7,4,3,8,2,2,3,8,5,1,3,1,4,7,7,8,2,7,7,6,6,1,1,0,1,0,0,1,0,0,1,1,0,0,0,0,0,0,0,1,0,0,0,0,0,0,0,0,0,0,0,0,0
SEP_2_0303,R_3NINK7nw3utIGrl,fall_2019,2019-11-22,2019,2019-2020,fall,80,2019-09-04,2,0.2222222222222222,0.5,0.6111111111111112,8,5,7,5,6,1,6,2,2,2,7,3,4,7,8,6,2,8,2,4,6,7,3,7,3,2,7,1,7,7,8,7,1,1,1,1,0,0,1,0,0,1,1,0,0,0,0,0,0,0,0,0,1,1,0,0,0,0,1,1,0,0,0,0
SEP_2_0304,R_3D09ovVUcVU4HPu,spring_2020,2020-02-05,2020,2019-2020,spring,16,2020-01-21,2,0.2222222222222222,0.35714285714285715,0.5,8,5,4,5,8,8,6,2,7,2,8,7,3,8,5,2,7,7,2,8,1,3,1,3,8,8,1,2,7,7,5,7,1,1,0,1,0,0,1,0,0,1,0,0,0,0,1,0,0,0,0,1,0,0,0,0,1,0,0,0,0,0,1,0
SEP_2_0305,R_ab20ESH89oRF0Bz,spring_2020,2020-02-08,2020,2019-2020,spring,19,2020-01-21,2,0.3888888888888889,0.5714285714285714,0.8333333333333334,8,5,3,5,6,4,6,7,2,2,7,7,5,5,5,6,5,5,7,2,6,7,1,7,8,1,7,1,7,2,3,3,1,1,0,1,0,0,1,1,0,1,1,0,1,0,1,0,0,0,0,0,1,1,0,0,1,0,1,1,0,0,0,1
SEP_2_0306,R_pFfgbVxvWW16K4h,spring_2020,2020-02-09,2020,2019-2020,spring,20,2020-01-21,2,0.4444444444444444,0.42857142857142855,0.7777777777777778,8,5,3,4,4,8,6,6,2,2,7,2,4,2,5,6,7,6,8,8,6,3,3,4,8,7,7,2,7,1,1,1,1,1,0,0,0,0,1,0,0,1,1,1,0,0,1,0,0,1,1,1,1,0,0,0,1,0,1,0,0,1,0,0
SEP_2_0307,R_2WD3zXAVFRWKVfP,spring_2020,2020-02-11,2020,2019-2020,spring,22,2020-01-21,2,0.2777777777777778,0.42857142857142855,0.6111111111111112,7,5,7,4,7,6,6,6,2,1,8,2,5,5,8,6,5,6,1,7,6,3,3,4,3,6,6,1,1,7,3,7,0,1,1,0,1,0,1,0,0,0,0,1,1,0,0,0,0,1,0,0,1,0,0,0,0,1,0,1,1,0,0,0
SEP_2_0308,R_2dy957k7Hz4ygM1,spring_2020,2020-02-11,2020,2019-2020,spring,22,2020-01-21,2,0.7777777777777778,0.7142857142857143,1.3333333333333333,8,5,8,5,1,7,6,7,5,2,7,2,3,6,5,6,3,6,6,8,6,3,3,6,8,6,7,1,1,1,5,3,1,1,0,1,0,0,1,1,1,1,1,1,0,1,1,0,1,1,0,1,1,0,0,1,1,1,1,1,1,1,1,1
SEP_2_0309,R_3PLjOpyCPwZxdmP,spring_2020,2020-02-11,2020,2019-2020,spring,22,2020-01-21,2,0.16666666666666666,0.9285714285714286,0.8888888888888888,8,5,7,5,5,5,6,7,5,2,7,2,5,6,5,6,3,4,8,6,5,1,8,3,3,8,8,2,6,6,6,8,1,1,1,1,0,1,1,1,1,1,1,1,1,1,1,0,1,0,1,0,0,0,0,0,0,0,0,0,0,0,0,0
SEP_2_0310,R_1mCTg9EsMgad7q6,spring_2020,2020-02-12,2020,2019-2020,spring,23,2020-01-21,2,0.4444444444444444,0.5,0.8333333333333334,7,5,5,5,5,1,6,3,5,2,7,2,4,7,5,7,2,6,8,5,6,3,5,3,7,6,7,7,7,7,5,6,0,1,0,1,0,0,1,0,1,1,1,1,0,0,1,0,0,1,1,0,1,0,1,0,0,1,1,0,0,0,1,0
SEP_2_0311,R_WpUUvYX1AnpLGRH,spring_2020,2020-02-19,2020,2019-2020,spring,30,2020-01-21,2,0.3333333333333333,0,0.3333333333333333,5,3,3,6,8,8,8,8,8,8,8,8,8,8,5,8,6,6,4,8,5,8,8,6,8,8,8,8,8,8,8,8,0,0,0,0,0,0,0,0,0,0,0,0,0,0,1,1,0,1,0,1,0,0,0,1,1,0,0,0,0,0,0,0
SEP_2_0312,R_UEnIf9GJvUno2Pf,spring_2020,2020-02-19,2020,2019-2020,spring,30,2020-01-21,2,0.2222222222222222,0.07142857142857142,0.2777777777777778,8,8,8,8,8,8,8,8,8,8,8,8,8,8,8,8,8,8,8,8,8,8,8,8,8,8,8,8,8,8,8,8,1,0,0,0,0,0,0,0,0,0,0,0,0,0,0,1,0,0,1,1,0,0,0,0,1,0,0,0,0,0,0,0
SEP_2_0313,R_1FelWaUwW9oTw1n,spring_2020,2020-02-20,2020,2019-2020,spring,31,2020-01-21,2,0.2222222222222222,0.07142857142857142,0.2777777777777778,8,8,8,8,8,8,8,8,8,8,8,8,8,8,8,8,8,8,8,8,8,8,8,8,8,8,8,8,8,8,8,8,1,0,0,0,0,0,0,0,0,0,0,0,0,0,0,1,0,0,1,1,0,0,0,0,1,0,0,0,0,0,0,0
SEP_2_0314,R_2Crm5ckl2Q6mhxY,spring_2020,2020-03-27,2020,2019-2020,spring,67,2020-01-21,2,0.6111111111111112,0.6428571428571429,1.1111111111111112,8,5,7,5,5,5,6,7,2,2,7,8,3,2,1,6,3,6,8,4,6,7,5,4,8,6,1,1,5,1,5,6,1,1,1,1,0,1,1,1,0,1,1,0,0,0,0,0,1,1,1,0,1,1,1,0,1,1,0,1,0,1,1,0
SEP_2_0315,R_AzgPyvcfTE56QtH,spring_2020,2020-03-27,2020,2019-2020,spring,67,2020-01-21,2,0.6666666666666666,0.5,1.0555555555555556,8,5,2,5,4,7,6,4,2,2,7,2,4,7,5,6,7,6,8,5,6,7,3,4,8,6,7,1,1,1,5,2,1,1,0,1,0,0,1,0,0,1,1,1,0,0,1,0,0,1,1,0,1,1,0,0,1,1,1,1,1,1,1,0
SEP_2_0316,R_3HiSJuAqDs3Erdq,spring_2020,2020-03-27,2020,2019-2020,spring,67,2020-01-21,2,0.3333333333333333,0.35714285714285715,0.6111111111111112,8,5,8,5,2,6,4,4,5,8,8,7,6,6,8,4,6,4,8,3,6,3,8,6,8,4,1,1,7,7,1,3,1,1,0,1,0,0,0,0,1,0,0,0,0,1,0,0,0,0,1,0,1,0,0,1,1,0,0,1,0,0,0,1
SEP_2_0317,R_UfhmAFhffrNeqLn,spring_2020,2020-03-27,2020,2019-2020,spring,67,2020-01-21,2,0.16666666666666666,0.2857142857142857,0.3888888888888889,8,5,3,4,6,6,1,1,5,2,8,4,3,5,1,7,4,1,1,3,5,3,1,5,5,7,7,7,7,1,8,3,1,1,0,0,0,0,0,0,1,1,0,0,0,0,0,0,0,0,0,0,0,0,0,0,0,0,1,0,0,1,0,1
SEP_2_0318,R_4I2sTt79Cwodvs5,spring_2020,2020-03-27,2020,2019-2020,spring,67,2020-01-21,2,0.6666666666666666,0.42857142857142855,1,8,5,5,5,6,5,5,5,5,1,7,4,3,5,5,8,3,4,8,8,4,3,5,7,3,3,7,1,1,1,5,3,1,1,0,1,0,1,0,0,1,0,1,0,0,0,1,1,1,0,1,1,0,0,1,0,0,0,1,1,1,1,1,1
SEP_2_0319,R_3meqSqnGOTLjvqb,spring_2020,2020-03-27,2020,2019-2020,spring,67,2020-01-21,2,0.5555555555555556,0.6428571428571429,1.0555555555555556,8,5,7,5,4,8,6,7,2,2,7,7,3,6,8,6,3,6,8,8,5,3,3,6,8,6,7,1,7,7,1,3,1,1,1,1,0,0,1,1,0,1,1,0,0,1,0,0,1,1,1,1,0,0,0,1,1,1,1,1,0,0,0,1
SEP_2_0320,R_YWVrgBr97a6ah0d,spring_2020,2020-03-27,2020,2019-2020,spring,67,2020-01-21,2,0.6111111111111112,0.5714285714285714,1.0555555555555556,8,5,7,5,6,1,6,1,5,2,8,2,3,2,5,8,3,5,8,8,6,3,5,4,8,1,7,2,7,7,5,3,1,1,1,1,0,0,1,0,1,1,0,1,0,0,1,1,1,0,1,1,1,0,1,0,1,0,1,0,0,0,1,1
SEP_2_0321,R_3gSGuQ6CLdXSDer,spring_2020,2020-03-27,2020,2019-2020,spring,67,2020-01-21,2,0.1111111111111111,0.5,0.5,8,5,7,5,6,3,6,4,4,2,7,3,4,7,2,4,2,3,7,3,6,3,3,4,5,3,7,7,7,5,6,8,1,1,1,1,0,0,1,0,0,1,1,0,0,0,0,0,0,0,0,0,1,0,0,0,0,0,1,0,0,0,0,0
SEP_2_0322,R_9AHfUEgOsMszYZ3,spring_2020,2020-03-27,2020,2019-2020,spring,67,2020-01-21,2,0.3333333333333333,0.5,0.7222222222222222,8,5,1,5,7,1,1,4,2,2,8,4,5,6,1,1,5,5,1,5,1,7,1,4,4,6,7,1,1,1,1,5,1,1,0,1,1,0,0,0,0,1,0,0,1,1,0,0,0,0,0,0,0,1,0,0,0,1,1,1,1,1,0,0
SEP_2_0323,R_b9NQhkUmHWRg7kt,spring_2020,2020-03-27,2020,2019-2020,spring,67,2020-01-21,2,0.5555555555555556,0.42857142857142855,0.8888888888888888,8,8,1,5,6,8,6,1,2,2,7,2,3,7,5,8,3,3,8,8,6,7,5,4,8,7,1,1,7,7,7,7,1,0,0,1,0,0,1,0,0,1,1,1,0,0,1,1,1,0,1,1,1,1,1,0,1,0,0,1,0,0,0,0
SEP_2_0324,R_bBm0UgJw0YT1htL,spring_2020,2020-03-27,2020,2019-2020,spring,67,2020-01-21,2,0.3333333333333333,0.21428571428571427,0.5,7,2,8,1,4,2,8,7,5,8,8,6,5,5,5,2,1,4,7,8,8,3,3,8,1,6,7,7,7,7,5,3,0,0,0,0,0,0,0,1,1,0,0,0,1,0,1,0,0,0,0,1,0,0,0,0,0,1,1,0,0,0,1,1
SEP_2_0325,R_1LiehOKqur0Nlob,spring_2020,2020-03-27,2020,2019-2020,spring,67,2020-01-21,2,0.4444444444444444,0.42857142857142855,0.7777777777777778,8,5,7,5,5,4,6,7,2,8,1,5,4,2,1,7,8,2,8,4,6,3,1,7,8,6,7,1,1,2,5,8,1,1,1,1,0,0,1,1,0,0,0,0,0,0,0,0,0,0,1,0,1,0,0,0,1,1,1,1,1,0,1,0
SEP_2_0326,R_2ZDZcoCnW6FK0Xp,spring_2020,2020-03-27,2020,2019-2020,spring,67,2020-01-21,2,0.5,0.5714285714285714,0.9444444444444444,8,7,7,5,3,7,6,7,2,2,8,2,5,2,5,6,5,6,8,8,6,7,1,4,7,1,7,1,5,7,5,1,1,0,1,1,0,0,1,1,0,1,0,1,1,0,1,0,0,1,1,1,1,1,0,0,0,0,1,1,0,0,1,0
SEP_2_0327,R_cYGs9vYzf3GQk0N,spring_2020,2020-03-27,2020,2019-2020,spring,67,2020-01-21,2,0.7222222222222222,0.7142857142857143,1.2777777777777777,8,5,1,5,6,5,6,6,2,2,7,2,5,6,5,6,3,6,8,8,6,7,5,4,8,7,7,1,7,7,5,3,1,1,0,1,0,1,1,0,0,1,1,1,1,1,1,0,1,1,1,1,1,1,1,0,1,0,1,1,0,0,1,1
SEP_2_0328,R_1rqB5LGIhqT0HuB,spring_2020,2020-03-27,2020,2019-2020,spring,67,2020-01-21,2,0.6111111111111112,0.6428571428571429,1.1111111111111112,8,5,7,5,5,1,6,7,2,2,8,2,2,6,5,6,3,6,1,5,6,7,5,4,8,6,1,1,1,7,8,3,1,1,1,1,0,0,1,1,0,1,0,1,0,1,1,0,1,1,0,0,1,1,1,0,1,1,0,1,1,0,0,1
SEP_2_0329,R_2OUygkEcXUTPbvL,spring_2020,2020-03-27,2020,2019-2020,spring,67,2020-01-21,2,0.2777777777777778,0.2857142857142857,0.5,8,2,8,5,4,1,6,8,2,2,1,3,4,2,5,1,2,8,1,4,6,3,1,6,4,6,1,7,7,1,1,8,1,0,0,1,0,0,1,0,0,1,0,0,0,0,1,0,0,0,0,0,1,0,0,1,0,1,0,0,0,1,0,0
SEP_2_0330,R_3etoFjRom9Hr9oQ,spring_2020,2020-03-27,2020,2019-2020,spring,67,2020-01-21,2,0.2222222222222222,0.2857142857142857,0.4444444444444444,8,5,3,4,1,8,4,2,4,2,7,8,1,8,5,2,3,4,2,1,3,6,5,6,2,8,8,2,7,5,8,4,1,1,0,0,0,0,0,0,0,1,1,0,0,0,1,0,1,0,0,0,0,0,1,1,0,0,0,0,0,0,0,0
SEP_2_0331,R_2zind95Q55kNHTe,spring_2020,2020-03-27,2020,2019-2020,spring,67,2020-01-21,2,0.2222222222222222,0.14285714285714285,0.3333333333333333,8,5,4,4,6,4,8,1,1,4,1,7,3,5,5,4,2,6,2,3,7,3,3,8,6,2,5,1,6,4,8,3,1,1,0,0,0,0,0,0,0,0,0,0,0,0,1,0,0,1,0,0,0,0,0,0,0,0,0,1,0,0,0,1
